Workbook
Name Faktorer: #REF!
Name KONTOR: '4. Reduktionsfaktorer, LENI-tal'!$Q$13:$Q$23
Name Omvandlingsfaktorer: #REF!
Name SJUKHUS: '4. Reduktionsfaktorer, LENI-tal'!$T$13:$T$23
Name SKOLA: #REF!
Name SKOLA_OCH_RESTAURANG: '4. Reduktionsfaktorer, LENI-tal'!$R$13:$R$23
Name SPORTHALL: '4. Reduktionsfaktorer, LENI-tal'!$S$13:$S$23
Name SPORTHALLAR: #REF!
Name STYRNING: #REF!

Sheet 1. Introduktion
A1: (PW: LCC)
G2: LCC-kalkyl för upphandling av inomhusbelysning
G3: Version 3.0
G4: Datum: 2024-12-17
B9: Introduktion
B11: Generella instruktioner kring hur verktyget används.
B14: Versionsinformation
B16: Upphandlingsmyndighetens LCC-verktyg har utvecklats i omgångar sedan 2009.
B19: Ändringar i senaste versionen (v 3.2) av LCC-verktyg Inomhusbelysning: Flik 1 har uppdaterats med denna versionsinformation och information om nytt lösenordsskydd, texter är genomgångna och uppdaterade. Flik 2 (4 alt) är nu utan makrofunktion att lägga till/ta bort rumstyper och armaturtyper. Ny funktion med förinställda byggnadstyper och rumstyper som hämtar reduktionsfaktorer från flik 4. Observera att funktionalitet förloras om värdet skrivs över. (Kursiverat är ändrat sedan v 3.0).Version 3.2 har en ruta för drifttid som kan väljas från förinställda byggnadstyper, eller så kan ett eget värde skrivas in i raden under. Flik 3 är texter genomgångna och uppdaterade. Flik 4 har uppdaterats med riktlinjer för installerad effekt och jämförelsetal energianvändning (LENI-tal) enligt Ljus & Rum utgåva 4 (2022). Flik 5 har uppdaterats med aktuella beräkningsfaktorer klimat samt källor.
H23: Vad är LCC?
H24: LCC står för "Life Cycle Costs" - livscykelkostnader. Med hjälp av en LCC-beräkning erhålls en totalbild över varans, tjänstens eller anläggningens kostnader under hela dess nyttjandetid. Jämförelser mellan olika produktalternativ och lösningar kan göras. Livscykelkostnadsperspektivet kan med fördel användas i flera delar av inköpsprocessen och även i det strategiska arbetet med organisationens budget.
H25: Läs mer om LCC på Upphandlingsmyndighetens webbplats
H27: Hur ska jag använda detta LCC-verktyg?
H28: Detta LCC-verktyg är specifikt utvecklat att användas vid upphandling av inomhusbelysning. Verktyget kan med fördel användas både i behovsanalysen, vid kravställande och i anbudsutvärderingen. I behovsanalysen kan verktyget användas för att i ett tidigt skede få en översikt över vilka typer av kostnader som förekommer under nyttjandetiden och hur stora dessa kostnader är. För en belysningsanläggning utgör exempelvis driftskostnaden för energi en stor kostnadspost. Detta kan till exempel testas med olika scenarier för energiprisökning, eller med olika styrfunktioner. Att använda verktyget på det sättet ökar medvetenheten i organisationen och kan vara ett bra underlag till viktiga vägval inför upphandlingen. Använd gärna kalkylparametrarna som en checklista, exempelvis inför leverantörsdialogen. När LCC-beräkning ställs som krav i upphandlingen måste förfrågningsunderlaget beskriva de parametrar som ska ingå i beräkningen, hur dessa ska dokumenteras och vilka mätmetoder som ska användas. Använd gärna kriteriet "belysningsanläggningens livscykelkostnad (LCC)" som kan laddas hem genom Upphandlingsmyndighetens kriterietjänst. En tumregel är att vid kravställande endast ta med de stora kostnadsposterna eller de kostnader som förväntas skilja sig åt mellan olika leverantörer.
B29: Lösenordsskydd Varje flik i Excelfilen är skyddad med ett lösenord, för att förhindra oavsiktliga förändringar i LCC-kalkylen. - För att låsa upp välj Granska > Ta bort bladets skydd. | H29: Vid anbudsutvärdering vägs livscykelkostnaden in som en parameter för bedömning av det ekonomiskt mest fördelaktiga anbudet. Kvalitativa krav på belysningsanläggningen, såsom ljuskvalitet, ingår inte i kalkylen utan måste kravställas i förfrågningsunderlaget. I detta LCC-verktyg finns även möjlighet till jämförelse av alternativens klimatpåverkan från energianvändningen under nyttjandetiden.
B30: - Lösenordet är LCC.
H31: Hur är LCC-verktyget uppbyggt?
H32: Verktyget består av 7 flikar: 1. Introduktion: generella instruktioner kring hur verktyget används. 2. LCC-kalkyl A1-4: Fyra stycken kalkylblad där LCC-beräkningen utförs med standardiserade parametrar. Ett blad används per anläggning. 3. Kalkylparametrar: Samlade instruktioner kring vad kalkylparametrarna innebär och vad som ska ingå. 4. Reduktionsfaktorer styrning: reduktionsfaktorer för belysningsstyrning, hämtade från Belysningsbranschens handbok "Ljus & Rum". 5. Beräkningsfaktorer klimatpåverkan: frivilliga indata för att kunna beräkna klimatpåverkan från elenergi. 6. Resultat: visuell översikt över LCC-beräkningens resultat. 7. Svarsformulär: svarsformulär som leverantören bifogar anbudet. Beskrivning av anläggningen med rumstyper och storlek på dessa måste göras i förfrågningsunderlaget. Beställaren (upphandlande myndighet) anger kalkylförutsättningar och information kring användning; detta utgör grunden för beräkningen. Läs mer om kalkylförutsättningar och ekonomiska parametrar på länken under rubriken Vad är LCC ovan. Anbudsgivaren fyller i resterande uppgifter i kalkylbladet (indata) enligt de standarder eller instruktioner som anges. Kostnaderna anges utan moms. I kolumnerna anges de olika rumstyper som förekommer i belysningsanläggningen enligt beställarens beskrivning i förfrågningsunderlaget. Rummen summeras i slutet och LCC-resultatet för hela anläggningen visas. Ett kalkylblad per anläggning används. Alternativa investeringslösningar, om sådana finns, anges i kalkylblad A2-A4. Anbudsgivaren fyller i svarsformuläret (ett formulär per typrum) och bifogar den till beställaren. Beställaren kan sedan föra in varje anbudsgivares uppgifter i ett nytt kalkylblad för att kunna jämföra alla anbud i resultatfliken. Beställaren kan även använda ett av kalkylbladen A1-A4 för att fylla i information kring befintlig anläggning om sådan finns; detta för att tydliggöra förbättringarna med en ny eller renoverad anläggning. LCC-kalkylerna är baserade på nuvärdesmetoden för att kunna omräkna framtida kostnader till dagens värde. Omräkningsfaktorer till nuvärde är inkluderade i formlerna. Kalkylränta, elpris och användningstid är exempel på parametrar som kan variera och som måste beslutas i den upphandlande organisationen. Kostnadsbilden påverkas beroende på valet av dessa parametrar, exempelvis innebär en hög ränta att pengarnas värde sjunker under kalkylperioden och vid låg ränta behåller pengarna sitt värde. En lång användningstid gör att driftskostnadernas betydelse ökar i kalkylen. För att få en förståelse för effekten på slutresultatet vid olika scenarier, t.ex. energiprisökning, kan kalkylen testas med ett antal olika värden.
H33: Kontakt
H34: Upphandlingsmyndigheten utvecklar och förvaltar LCC-verktygen som är frivilliga att använda inom såväl offentlig som privat sektor. Upphandlingsmyndigheten står för innehållet i denna version. Eventuella ändringar görs på eget ansvar. Vid frågor om verktyget kan du kontakta oss via vår frågeportal på www.upphandlingsmyndigheten.se.

Sheet 2. LCC A1
A1: (PW: LCC)
G2: LCC-kalkyl för upphandling av inomhusbelysning
G3: ='1. Introduktion'!G3 -> Version 3.0
G4: ='1. Introduktion'!G4 -> Datum: 2024-12-17
C8: LCC-kalkyl Anläggning alternativ 1
C10: Kalkylförutsättningar (anges av beställaren) | K10: Byggnadstyp | L10: 0
C11: PROJEKT: | F11: Projektnamn | K11: Kontor | L11: 2500
C12: DATUM: | F12: ÅÅÅÅ-MM-DD | K12: Skola, restaurang | L12: 2000
C13: HANDLÄGGARE: | F13: Namn | K13: Sporthall | L13: 4000
K14: Vård | L14: 5000
B15: 1.1 | C15: Tid kalkylen omfattar | I15: år
B16: 1.2 | C16: Kalkylränta | H16: 0.05 | K16: Indata till fält 16: Byggnadens driftitid h/ år
B17: 1.3 | C17: Elpris | I17: kr/kWh | K17: Byggnadstyp | L17: Byggnadstyp
B18: 1.4 | C18: Årlig prisförändring energi (frivillig) | K18: Eget värde för drifttid h/år
B19: 1.5 | C19: Klimatpåverkan energianvändning (frivillig) | I19: kgCO2/kwh | K19: Driftitd timmar per år | L19: =IF(ISBLANK($L$18),VLOOKUP($L$17,$K$10:$L$14,2),$L$18) -> 0
B20: 1.6 | C20: Drifttid | H20: =$L$19 -> 0 | I20: h/år
C22: Beskrivning av anläggningen och belysningsförslag
C24: BESKRIVNING AV ANLÄGGNINGEN (anges av beställaren)
C25: Byggnadstyp | I25: Byggnadstyp 1 | J25: Byggnadstyp 2 | K25: Byggnadstyp 3 | L25: Byggnadstyp 4 | M25: Byggnadstyp 5 | N25: Byggnadstyp 6 | O25: Byggnadstyp 7 | P25: Byggnadstyp 8 | Q25: Byggnadstyp 9 | R25: Byggnadstyp 10
C26: Byggnadstyp hjälprad | I26: =SUBSTITUTE(I25," ","_") -> Byggnadstyp_1 | J26: =SUBSTITUTE(J25," ","_") -> Byggnadstyp_2 | K26: =SUBSTITUTE(K25," ","_") -> Byggnadstyp_3 | L26: =SUBSTITUTE(L25," ","_") -> Byggnadstyp_4 | M26: =SUBSTITUTE(M25," ","_") -> Byggnadstyp_5 | N26: =SUBSTITUTE(N25," ","_") -> Byggnadstyp_6 | O26: =SUBSTITUTE(O25," ","_") -> Byggnadstyp_7 | P26: =SUBSTITUTE(P25," ","_") -> Byggnadstyp_8 | ... R26: =SUBSTITUTE(R25," ","_") -> Byggnadstyp_10
C27: Rumstyp (välj byggnadstyp ovan för att få lista med giltiga rumstyper) | I27: Rumstyp 1 | J27: Rumstyp 2 | K27: Rumstyp 3 | L27: Rumstyp 4 | M27: Rumstyp 5 | N27: Rumstyp 6 | O27: Rumstyp 7 | P27: Rumstyp 8 | Q27: Rumstyp 9 | R27: Rumstyp 10
C28: Antal rum av samma typ | H28: stk
C29: Antal kvadratmeter | H29: m2/rum
C30: BELYSNINGSFÖRSLAG (anges av anbudsgivaren)
C31: ARMATURTYP 1
B32: 2.1 | C32: Antal armaturer | H32: stk
B33: 2.2 | C33: Armaturpris | H33: kr/stk
B34: 2.3 | C34: Material- och arbetskostnader armatur | H34: kr/stk
B35: 2.4 | C35: Effekt per armatur, inkl. driftsförluster | H35: W/stk
B36: 2.5 | C36: Typ av styrning | I36: Ingen | J36: Ingen | K36: Ingen | L36: Ingen | M36: Ingen | N36: Ingen | O36: Ingen | P36: Ingen | Q36: Ingen | R36: Ingen
B37: 2.6 | C37: Reduktionsfaktor manuell styrning | I37: {=IFERROR(_xlfn.IFS(I$25='4. Reduktionsfaktorer, LENI-tal'!$Q$12,INDEX('4. Reduktionsfaktorer, LENI-tal'!$H$13:$O$23,MATCH(I$27,'4. Reduktionsfaktorer, LENI-tal'!$H$13:$H$23,0),3), I$25="SKOLA OCH RESTAURANG",INDEX('4. Reduktionsfaktorer, LENI-tal'!$H$24:$O$32,MATCH(I$27,'4. Reduktionsfaktorer, LENI-tal'!$H$24:$H$32,0),3), I$25='4. Reduktionsfaktorer, LENI-tal'!$S$12,INDEX('4. Reduktionsfaktorer, LENI-tal'!$H$33:$O$37,MATCH(I$27,'4. Reduktionsfaktorer, LENI-tal'!$H$33:$H$37,0),3), I$25='4. Reduktionsfaktorer, LENI-tal'!$T$12,INDEX('4. Reduktionsfaktorer, LENI-tal'!$H$38:$O$45,MATCH(I$27,'4. Reduktionsfaktorer, LENI-tal'!$H$38:$H$45,0),3)), "Fyll i byggnads- och rumstyp ovan")} -> Fyll i byggnads- och rumstyp ovan | J37: {=IFERROR(_xlfn.IFS(J$25='4. Reduktionsfaktorer, LENI-tal'!$Q$12,INDEX('4. Reduktionsfaktorer, LENI-tal'!$H$13:$O$23,MATCH(J$27,'4. Reduktionsfaktorer, LENI-tal'!$H$13:$H$23,0),3), J$25="SKOLA OCH RESTAURANG",INDEX('4. Reduktionsfaktorer, LENI-tal'!$H$24:$O$32,MATCH(J$27,'4. Reduktionsfaktorer, LENI-tal'!$H$24:$H$32,0),3), J$25='4. Reduktionsfaktorer, LENI-tal'!$S$12,INDEX('4. Reduktionsfaktorer, LENI-tal'!$H$33:$O$37,MATCH(J$27,'4. Reduktionsfaktorer, LENI-tal'!$H$33:$H$37,0),3), J$25='4. Reduktionsfaktorer, LENI-tal'!$T$12,INDEX('4. Reduktionsfaktorer, LENI-tal'!$H$38:$O$45,MATCH(J$27,'4. Reduktionsfaktorer, LENI-tal'!$H$38:$H$45,0),3)), "Fyll i byggnads- och rumstyp ovan")} -> Fyll i byggnads- och rumstyp ovan | K37: {=IFERROR(_xlfn.IFS(K$25='4. Reduktionsfaktorer, LENI-tal'!$Q$12,INDEX('4. Reduktionsfaktorer, LENI-tal'!$H$13:$O$23,MATCH(K$27,'4. Reduktionsfaktorer, LENI-tal'!$H$13:$H$23,0),3), K$25="SKOLA OCH RESTAURANG",INDEX('4. Reduktionsfaktorer, LENI-tal'!$H$24:$O$32,MATCH(K$27,'4. Reduktionsfaktorer, LENI-tal'!$H$24:$H$32,0),3), K$25='4. Reduktionsfaktorer, LENI-tal'!$S$12,INDEX('4. Reduktionsfaktorer, LENI-tal'!$H$33:$O$37,MATCH(K$27,'4. Reduktionsfaktorer, LENI-tal'!$H$33:$H$37,0),3), K$25='4. Reduktionsfaktorer, LENI-tal'!$T$12,INDEX('4. Reduktionsfaktorer, LENI-tal'!$H$38:$O$45,MATCH(K$27,'4. Reduktionsfaktorer, LENI-tal'!$H$38:$H$45,0),3)), "Fyll i byggnads- och rumstyp ovan")} -> Fyll i byggnads- och rumstyp ovan | L37: {=IFERROR(_xlfn.IFS(L$25='4. Reduktionsfaktorer, LENI-tal'!$Q$12,INDEX('4. Reduktionsfaktorer, LENI-tal'!$H$13:$O$23,MATCH(L$27,'4. Reduktionsfaktorer, LENI-tal'!$H$13:$H$23,0),3), L$25="SKOLA OCH RESTAURANG",INDEX('4. Reduktionsfaktorer, LENI-tal'!$H$24:$O$32,MATCH(L$27,'4. Reduktionsfaktorer, LENI-tal'!$H$24:$H$32,0),3), L$25='4. Reduktionsfaktorer, LENI-tal'!$S$12,INDEX('4. Reduktionsfaktorer, LENI-tal'!$H$33:$O$37,MATCH(L$27,'4. Reduktionsfaktorer, LENI-tal'!$H$33:$H$37,0),3), L$25='4. Reduktionsfaktorer, LENI-tal'!$T$12,INDEX('4. Reduktionsfaktorer, LENI-tal'!$H$38:$O$45,MATCH(L$27,'4. Reduktionsfaktorer, LENI-tal'!$H$38:$H$45,0),3)), "Fyll i byggnads- och rumstyp ovan")} -> Fyll i byggnads- och rumstyp ovan | M37: {=IFERROR(_xlfn.IFS(M$25='4. Reduktionsfaktorer, LENI-tal'!$Q$12,INDEX('4. Reduktionsfaktorer, LENI-tal'!$H$13:$O$23,MATCH(M$27,'4. Reduktionsfaktorer, LENI-tal'!$H$13:$H$23,0),3), M$25="SKOLA OCH RESTAURANG",INDEX('4. Reduktionsfaktorer, LENI-tal'!$H$24:$O$32,MATCH(M$27,'4. Reduktionsfaktorer, LENI-tal'!$H$24:$H$32,0),3), M$25='4. Reduktionsfaktorer, LENI-tal'!$S$12,INDEX('4. Reduktionsfaktorer, LENI-tal'!$H$33:$O$37,MATCH(M$27,'4. Reduktionsfaktorer, LENI-tal'!$H$33:$H$37,0),3), M$25='4. Reduktionsfaktorer, LENI-tal'!$T$12,INDEX('4. Reduktionsfaktorer, LENI-tal'!$H$38:$O$45,MATCH(M$27,'4. Reduktionsfaktorer, LENI-tal'!$H$38:$H$45,0),3)), "Fyll i byggnads- och rumstyp ovan")} -> Fyll i byggnads- och rumstyp ovan | N37: {=IFERROR(_xlfn.IFS(N$25='4. Reduktionsfaktorer, LENI-tal'!$Q$12,INDEX('4. Reduktionsfaktorer, LENI-tal'!$H$13:$O$23,MATCH(N$27,'4. Reduktionsfaktorer, LENI-tal'!$H$13:$H$23,0),3), N$25="SKOLA OCH RESTAURANG",INDEX('4. Reduktionsfaktorer, LENI-tal'!$H$24:$O$32,MATCH(N$27,'4. Reduktionsfaktorer, LENI-tal'!$H$24:$H$32,0),3), N$25='4. Reduktionsfaktorer, LENI-tal'!$S$12,INDEX('4. Reduktionsfaktorer, LENI-tal'!$H$33:$O$37,MATCH(N$27,'4. Reduktionsfaktorer, LENI-tal'!$H$33:$H$37,0),3), N$25='4. Reduktionsfaktorer, LENI-tal'!$T$12,INDEX('4. Reduktionsfaktorer, LENI-tal'!$H$38:$O$45,MATCH(N$27,'4. Reduktionsfaktorer, LENI-tal'!$H$38:$H$45,0),3)), "Fyll i byggnads- och rumstyp ovan")} -> Fyll i byggnads- och rumstyp ovan | O37: {=IFERROR(_xlfn.IFS(O$25='4. Reduktionsfaktorer, LENI-tal'!$Q$12,INDEX('4. Reduktionsfaktorer, LENI-tal'!$H$13:$O$23,MATCH(O$27,'4. Reduktionsfaktorer, LENI-tal'!$H$13:$H$23,0),3), O$25="SKOLA OCH RESTAURANG",INDEX('4. Reduktionsfaktorer, LENI-tal'!$H$24:$O$32,MATCH(O$27,'4. Reduktionsfaktorer, LENI-tal'!$H$24:$H$32,0),3), O$25='4. Reduktionsfaktorer, LENI-tal'!$S$12,INDEX('4. Reduktionsfaktorer, LENI-tal'!$H$33:$O$37,MATCH(O$27,'4. Reduktionsfaktorer, LENI-tal'!$H$33:$H$37,0),3), O$25='4. Reduktionsfaktorer, LENI-tal'!$T$12,INDEX('4. Reduktionsfaktorer, LENI-tal'!$H$38:$O$45,MATCH(O$27,'4. Reduktionsfaktorer, LENI-tal'!$H$38:$H$45,0),3)), "Fyll i byggnads- och rumstyp ovan")} -> Fyll i byggnads- och rumstyp ovan | P37: {=IFERROR(_xlfn.IFS(P$25='4. Reduktionsfaktorer, LENI-tal'!$Q$12,INDEX('4. Reduktionsfaktorer, LENI-tal'!$H$13:$O$23,MATCH(P$27,'4. Reduktionsfaktorer, LENI-tal'!$H$13:$H$23,0),3), P$25="SKOLA OCH RESTAURANG",INDEX('4. Reduktionsfaktorer, LENI-tal'!$H$24:$O$32,MATCH(P$27,'4. Reduktionsfaktorer, LENI-tal'!$H$24:$H$32,0),3), P$25='4. Reduktionsfaktorer, LENI-tal'!$S$12,INDEX('4. Reduktionsfaktorer, LENI-tal'!$H$33:$O$37,MATCH(P$27,'4. Reduktionsfaktorer, LENI-tal'!$H$33:$H$37,0),3), P$25='4. Reduktionsfaktorer, LENI-tal'!$T$12,INDEX('4. Reduktionsfaktorer, LENI-tal'!$H$38:$O$45,MATCH(P$27,'4. Reduktionsfaktorer, LENI-tal'!$H$38:$H$45,0),3)), "Fyll i byggnads- och rumstyp ovan")} -> Fyll i byggnads- och rumstyp ovan | ... R37: {=IFERROR(_xlfn.IFS(R$25='4. Reduktionsfaktorer, LENI-tal'!$Q$12,INDEX('4. Reduktionsfaktorer, LENI-tal'!$H$13:$O$23,MATCH(R$27,'4. Reduktionsfaktorer, LENI-tal'!$H$13:$H$23,0),3), R$25="SKOLA OCH RESTAURANG",INDEX('4. Reduktionsfaktorer, LENI-tal'!$H$24:$O$32,MATCH(R$27,'4. Reduktionsfaktorer, LENI-tal'!$H$24:$H$32,0),3), R$25='4. Reduktionsfaktorer, LENI-tal'!$S$12,INDEX('4. Reduktionsfaktorer, LENI-tal'!$H$33:$O$37,MATCH(R$27,'4. Reduktionsfaktorer, LENI-tal'!$H$33:$H$37,0),3), R$25='4. Reduktionsfaktorer, LENI-tal'!$T$12,INDEX('4. Reduktionsfaktorer, LENI-tal'!$H$38:$O$45,MATCH(R$27,'4. Reduktionsfaktorer, LENI-tal'!$H$38:$H$45,0),3)), "Fyll i byggnads- och rumstyp ovan")} -> Fyll i byggnads- och rumstyp ovan
B38: 2.7 | C38: Reduktionsfaktor närvaro-/frånvarostyrning | I38: {=IFERROR(_xlfn.IFS(I$25='4. Reduktionsfaktorer, LENI-tal'!$Q$12,INDEX('4. Reduktionsfaktorer, LENI-tal'!$H$13:$O$23,MATCH(I$27,'4. Reduktionsfaktorer, LENI-tal'!$H$13:$H$23,0),4), I$25="SKOLA OCH RESTAURANG",INDEX('4. Reduktionsfaktorer, LENI-tal'!$H$24:$O$32,MATCH(I$27,'4. Reduktionsfaktorer, LENI-tal'!$H$24:$H$32,0),4), I$25='4. Reduktionsfaktorer, LENI-tal'!$S$12,INDEX('4. Reduktionsfaktorer, LENI-tal'!$H$33:$O$37,MATCH(I$27,'4. Reduktionsfaktorer, LENI-tal'!$H$33:$H$37,0),4), I$25='4. Reduktionsfaktorer, LENI-tal'!$T$12,INDEX('4. Reduktionsfaktorer, LENI-tal'!$H$38:$O$45,MATCH(I$27,'4. Reduktionsfaktorer, LENI-tal'!$H$38:$H$45,0),4)), "Fyll i byggnads- och rumstyp ovan")} -> Fyll i byggnads- och rumstyp ovan | J38: {=IFERROR(_xlfn.IFS(J$25='4. Reduktionsfaktorer, LENI-tal'!$Q$12,INDEX('4. Reduktionsfaktorer, LENI-tal'!$H$13:$O$23,MATCH(J$27,'4. Reduktionsfaktorer, LENI-tal'!$H$13:$H$23,0),4), J$25="SKOLA OCH RESTAURANG",INDEX('4. Reduktionsfaktorer, LENI-tal'!$H$24:$O$32,MATCH(J$27,'4. Reduktionsfaktorer, LENI-tal'!$H$24:$H$32,0),4), J$25='4. Reduktionsfaktorer, LENI-tal'!$S$12,INDEX('4. Reduktionsfaktorer, LENI-tal'!$H$33:$O$37,MATCH(J$27,'4. Reduktionsfaktorer, LENI-tal'!$H$33:$H$37,0),4), J$25='4. Reduktionsfaktorer, LENI-tal'!$T$12,INDEX('4. Reduktionsfaktorer, LENI-tal'!$H$38:$O$45,MATCH(J$27,'4. Reduktionsfaktorer, LENI-tal'!$H$38:$H$45,0),4)), "Fyll i byggnads- och rumstyp ovan")} -> Fyll i byggnads- och rumstyp ovan | K38: {=IFERROR(_xlfn.IFS(K$25='4. Reduktionsfaktorer, LENI-tal'!$Q$12,INDEX('4. Reduktionsfaktorer, LENI-tal'!$H$13:$O$23,MATCH(K$27,'4. Reduktionsfaktorer, LENI-tal'!$H$13:$H$23,0),4), K$25="SKOLA OCH RESTAURANG",INDEX('4. Reduktionsfaktorer, LENI-tal'!$H$24:$O$32,MATCH(K$27,'4. Reduktionsfaktorer, LENI-tal'!$H$24:$H$32,0),4), K$25='4. Reduktionsfaktorer, LENI-tal'!$S$12,INDEX('4. Reduktionsfaktorer, LENI-tal'!$H$33:$O$37,MATCH(K$27,'4. Reduktionsfaktorer, LENI-tal'!$H$33:$H$37,0),4), K$25='4. Reduktionsfaktorer, LENI-tal'!$T$12,INDEX('4. Reduktionsfaktorer, LENI-tal'!$H$38:$O$45,MATCH(K$27,'4. Reduktionsfaktorer, LENI-tal'!$H$38:$H$45,0),4)), "Fyll i byggnads- och rumstyp ovan")} -> Fyll i byggnads- och rumstyp ovan | L38: {=IFERROR(_xlfn.IFS(L$25='4. Reduktionsfaktorer, LENI-tal'!$Q$12,INDEX('4. Reduktionsfaktorer, LENI-tal'!$H$13:$O$23,MATCH(L$27,'4. Reduktionsfaktorer, LENI-tal'!$H$13:$H$23,0),4), L$25="SKOLA OCH RESTAURANG",INDEX('4. Reduktionsfaktorer, LENI-tal'!$H$24:$O$32,MATCH(L$27,'4. Reduktionsfaktorer, LENI-tal'!$H$24:$H$32,0),4), L$25='4. Reduktionsfaktorer, LENI-tal'!$S$12,INDEX('4. Reduktionsfaktorer, LENI-tal'!$H$33:$O$37,MATCH(L$27,'4. Reduktionsfaktorer, LENI-tal'!$H$33:$H$37,0),4), L$25='4. Reduktionsfaktorer, LENI-tal'!$T$12,INDEX('4. Reduktionsfaktorer, LENI-tal'!$H$38:$O$45,MATCH(L$27,'4. Reduktionsfaktorer, LENI-tal'!$H$38:$H$45,0),4)), "Fyll i byggnads- och rumstyp ovan")} -> Fyll i byggnads- och rumstyp ovan | M38: {=IFERROR(_xlfn.IFS(M$25='4. Reduktionsfaktorer, LENI-tal'!$Q$12,INDEX('4. Reduktionsfaktorer, LENI-tal'!$H$13:$O$23,MATCH(M$27,'4. Reduktionsfaktorer, LENI-tal'!$H$13:$H$23,0),4), M$25="SKOLA OCH RESTAURANG",INDEX('4. Reduktionsfaktorer, LENI-tal'!$H$24:$O$32,MATCH(M$27,'4. Reduktionsfaktorer, LENI-tal'!$H$24:$H$32,0),4), M$25='4. Reduktionsfaktorer, LENI-tal'!$S$12,INDEX('4. Reduktionsfaktorer, LENI-tal'!$H$33:$O$37,MATCH(M$27,'4. Reduktionsfaktorer, LENI-tal'!$H$33:$H$37,0),4), M$25='4. Reduktionsfaktorer, LENI-tal'!$T$12,INDEX('4. Reduktionsfaktorer, LENI-tal'!$H$38:$O$45,MATCH(M$27,'4. Reduktionsfaktorer, LENI-tal'!$H$38:$H$45,0),4)), "Fyll i byggnads- och rumstyp ovan")} -> Fyll i byggnads- och rumstyp ovan | N38: {=IFERROR(_xlfn.IFS(N$25='4. Reduktionsfaktorer, LENI-tal'!$Q$12,INDEX('4. Reduktionsfaktorer, LENI-tal'!$H$13:$O$23,MATCH(N$27,'4. Reduktionsfaktorer, LENI-tal'!$H$13:$H$23,0),4), N$25="SKOLA OCH RESTAURANG",INDEX('4. Reduktionsfaktorer, LENI-tal'!$H$24:$O$32,MATCH(N$27,'4. Reduktionsfaktorer, LENI-tal'!$H$24:$H$32,0),4), N$25='4. Reduktionsfaktorer, LENI-tal'!$S$12,INDEX('4. Reduktionsfaktorer, LENI-tal'!$H$33:$O$37,MATCH(N$27,'4. Reduktionsfaktorer, LENI-tal'!$H$33:$H$37,0),4), N$25='4. Reduktionsfaktorer, LENI-tal'!$T$12,INDEX('4. Reduktionsfaktorer, LENI-tal'!$H$38:$O$45,MATCH(N$27,'4. Reduktionsfaktorer, LENI-tal'!$H$38:$H$45,0),4)), "Fyll i byggnads- och rumstyp ovan")} -> Fyll i byggnads- och rumstyp ovan | O38: {=IFERROR(_xlfn.IFS(O$25='4. Reduktionsfaktorer, LENI-tal'!$Q$12,INDEX('4. Reduktionsfaktorer, LENI-tal'!$H$13:$O$23,MATCH(O$27,'4. Reduktionsfaktorer, LENI-tal'!$H$13:$H$23,0),4), O$25="SKOLA OCH RESTAURANG",INDEX('4. Reduktionsfaktorer, LENI-tal'!$H$24:$O$32,MATCH(O$27,'4. Reduktionsfaktorer, LENI-tal'!$H$24:$H$32,0),4), O$25='4. Reduktionsfaktorer, LENI-tal'!$S$12,INDEX('4. Reduktionsfaktorer, LENI-tal'!$H$33:$O$37,MATCH(O$27,'4. Reduktionsfaktorer, LENI-tal'!$H$33:$H$37,0),4), O$25='4. Reduktionsfaktorer, LENI-tal'!$T$12,INDEX('4. Reduktionsfaktorer, LENI-tal'!$H$38:$O$45,MATCH(O$27,'4. Reduktionsfaktorer, LENI-tal'!$H$38:$H$45,0),4)), "Fyll i byggnads- och rumstyp ovan")} -> Fyll i byggnads- och rumstyp ovan | P38: {=IFERROR(_xlfn.IFS(P$25='4. Reduktionsfaktorer, LENI-tal'!$Q$12,INDEX('4. Reduktionsfaktorer, LENI-tal'!$H$13:$O$23,MATCH(P$27,'4. Reduktionsfaktorer, LENI-tal'!$H$13:$H$23,0),4), P$25="SKOLA OCH RESTAURANG",INDEX('4. Reduktionsfaktorer, LENI-tal'!$H$24:$O$32,MATCH(P$27,'4. Reduktionsfaktorer, LENI-tal'!$H$24:$H$32,0),4), P$25='4. Reduktionsfaktorer, LENI-tal'!$S$12,INDEX('4. Reduktionsfaktorer, LENI-tal'!$H$33:$O$37,MATCH(P$27,'4. Reduktionsfaktorer, LENI-tal'!$H$33:$H$37,0),4), P$25='4. Reduktionsfaktorer, LENI-tal'!$T$12,INDEX('4. Reduktionsfaktorer, LENI-tal'!$H$38:$O$45,MATCH(P$27,'4. Reduktionsfaktorer, LENI-tal'!$H$38:$H$45,0),4)), "Fyll i byggnads- och rumstyp ovan")} -> Fyll i byggnads- och rumstyp ovan | ... R38: {=IFERROR(_xlfn.IFS(R$25='4. Reduktionsfaktorer, LENI-tal'!$Q$12,INDEX('4. Reduktionsfaktorer, LENI-tal'!$H$13:$O$23,MATCH(R$27,'4. Reduktionsfaktorer, LENI-tal'!$H$13:$H$23,0),4), R$25="SKOLA OCH RESTAURANG",INDEX('4. Reduktionsfaktorer, LENI-tal'!$H$24:$O$32,MATCH(R$27,'4. Reduktionsfaktorer, LENI-tal'!$H$24:$H$32,0),4), R$25='4. Reduktionsfaktorer, LENI-tal'!$S$12,INDEX('4. Reduktionsfaktorer, LENI-tal'!$H$33:$O$37,MATCH(R$27,'4. Reduktionsfaktorer, LENI-tal'!$H$33:$H$37,0),4), R$25='4. Reduktionsfaktorer, LENI-tal'!$T$12,INDEX('4. Reduktionsfaktorer, LENI-tal'!$H$38:$O$45,MATCH(R$27,'4. Reduktionsfaktorer, LENI-tal'!$H$38:$H$45,0),4)), "Fyll i byggnads- och rumstyp ovan")} -> Fyll i byggnads- och rumstyp ovan
B39: 2.8 | C39: Reduktionsfaktor dagsljusstyrning | I39: {=IFERROR(_xlfn.IFS(I$25='4. Reduktionsfaktorer, LENI-tal'!$Q$12,INDEX('4. Reduktionsfaktorer, LENI-tal'!$H$13:$O$23,MATCH(I$27,'4. Reduktionsfaktorer, LENI-tal'!$H$13:$H$23,0),5), I$25="SKOLA OCH RESTAURANG",INDEX('4. Reduktionsfaktorer, LENI-tal'!$H$24:$O$32,MATCH(I$27,'4. Reduktionsfaktorer, LENI-tal'!$H$24:$H$32,0),5), I$25='4. Reduktionsfaktorer, LENI-tal'!$S$12,INDEX('4. Reduktionsfaktorer, LENI-tal'!$H$33:$O$37,MATCH(I$27,'4. Reduktionsfaktorer, LENI-tal'!$H$33:$H$37,0),5), I$25='4. Reduktionsfaktorer, LENI-tal'!$T$12,INDEX('4. Reduktionsfaktorer, LENI-tal'!$H$38:$O$45,MATCH(I$27,'4. Reduktionsfaktorer, LENI-tal'!$H$38:$H$45,0),5)), "Fyll i byggnads- och rumstyp ovan")} -> Fyll i byggnads- och rumstyp ovan | J39: {=IFERROR(_xlfn.IFS(J$25='4. Reduktionsfaktorer, LENI-tal'!$Q$12,INDEX('4. Reduktionsfaktorer, LENI-tal'!$H$13:$O$23,MATCH(J$27,'4. Reduktionsfaktorer, LENI-tal'!$H$13:$H$23,0),5), J$25="SKOLA OCH RESTAURANG",INDEX('4. Reduktionsfaktorer, LENI-tal'!$H$24:$O$32,MATCH(J$27,'4. Reduktionsfaktorer, LENI-tal'!$H$24:$H$32,0),5), J$25='4. Reduktionsfaktorer, LENI-tal'!$S$12,INDEX('4. Reduktionsfaktorer, LENI-tal'!$H$33:$O$37,MATCH(J$27,'4. Reduktionsfaktorer, LENI-tal'!$H$33:$H$37,0),5), J$25='4. Reduktionsfaktorer, LENI-tal'!$T$12,INDEX('4. Reduktionsfaktorer, LENI-tal'!$H$38:$O$45,MATCH(J$27,'4. Reduktionsfaktorer, LENI-tal'!$H$38:$H$45,0),5)), "Fyll i byggnads- och rumstyp ovan")} -> Fyll i byggnads- och rumstyp ovan | K39: {=IFERROR(_xlfn.IFS(K$25='4. Reduktionsfaktorer, LENI-tal'!$Q$12,INDEX('4. Reduktionsfaktorer, LENI-tal'!$H$13:$O$23,MATCH(K$27,'4. Reduktionsfaktorer, LENI-tal'!$H$13:$H$23,0),5), K$25="SKOLA OCH RESTAURANG",INDEX('4. Reduktionsfaktorer, LENI-tal'!$H$24:$O$32,MATCH(K$27,'4. Reduktionsfaktorer, LENI-tal'!$H$24:$H$32,0),5), K$25='4. Reduktionsfaktorer, LENI-tal'!$S$12,INDEX('4. Reduktionsfaktorer, LENI-tal'!$H$33:$O$37,MATCH(K$27,'4. Reduktionsfaktorer, LENI-tal'!$H$33:$H$37,0),5), K$25='4. Reduktionsfaktorer, LENI-tal'!$T$12,INDEX('4. Reduktionsfaktorer, LENI-tal'!$H$38:$O$45,MATCH(K$27,'4. Reduktionsfaktorer, LENI-tal'!$H$38:$H$45,0),5)), "Fyll i byggnads- och rumstyp ovan")} -> Fyll i byggnads- och rumstyp ovan | L39: {=IFERROR(_xlfn.IFS(L$25='4. Reduktionsfaktorer, LENI-tal'!$Q$12,INDEX('4. Reduktionsfaktorer, LENI-tal'!$H$13:$O$23,MATCH(L$27,'4. Reduktionsfaktorer, LENI-tal'!$H$13:$H$23,0),5), L$25="SKOLA OCH RESTAURANG",INDEX('4. Reduktionsfaktorer, LENI-tal'!$H$24:$O$32,MATCH(L$27,'4. Reduktionsfaktorer, LENI-tal'!$H$24:$H$32,0),5), L$25='4. Reduktionsfaktorer, LENI-tal'!$S$12,INDEX('4. Reduktionsfaktorer, LENI-tal'!$H$33:$O$37,MATCH(L$27,'4. Reduktionsfaktorer, LENI-tal'!$H$33:$H$37,0),5), L$25='4. Reduktionsfaktorer, LENI-tal'!$T$12,INDEX('4. Reduktionsfaktorer, LENI-tal'!$H$38:$O$45,MATCH(L$27,'4. Reduktionsfaktorer, LENI-tal'!$H$38:$H$45,0),5)), "Fyll i byggnads- och rumstyp ovan")} -> Fyll i byggnads- och rumstyp ovan | M39: {=IFERROR(_xlfn.IFS(M$25='4. Reduktionsfaktorer, LENI-tal'!$Q$12,INDEX('4. Reduktionsfaktorer, LENI-tal'!$H$13:$O$23,MATCH(M$27,'4. Reduktionsfaktorer, LENI-tal'!$H$13:$H$23,0),5), M$25="SKOLA OCH RESTAURANG",INDEX('4. Reduktionsfaktorer, LENI-tal'!$H$24:$O$32,MATCH(M$27,'4. Reduktionsfaktorer, LENI-tal'!$H$24:$H$32,0),5), M$25='4. Reduktionsfaktorer, LENI-tal'!$S$12,INDEX('4. Reduktionsfaktorer, LENI-tal'!$H$33:$O$37,MATCH(M$27,'4. Reduktionsfaktorer, LENI-tal'!$H$33:$H$37,0),5), M$25='4. Reduktionsfaktorer, LENI-tal'!$T$12,INDEX('4. Reduktionsfaktorer, LENI-tal'!$H$38:$O$45,MATCH(M$27,'4. Reduktionsfaktorer, LENI-tal'!$H$38:$H$45,0),5)), "Fyll i byggnads- och rumstyp ovan")} -> Fyll i byggnads- och rumstyp ovan | N39: {=IFERROR(_xlfn.IFS(N$25='4. Reduktionsfaktorer, LENI-tal'!$Q$12,INDEX('4. Reduktionsfaktorer, LENI-tal'!$H$13:$O$23,MATCH(N$27,'4. Reduktionsfaktorer, LENI-tal'!$H$13:$H$23,0),5), N$25="SKOLA OCH RESTAURANG",INDEX('4. Reduktionsfaktorer, LENI-tal'!$H$24:$O$32,MATCH(N$27,'4. Reduktionsfaktorer, LENI-tal'!$H$24:$H$32,0),5), N$25='4. Reduktionsfaktorer, LENI-tal'!$S$12,INDEX('4. Reduktionsfaktorer, LENI-tal'!$H$33:$O$37,MATCH(N$27,'4. Reduktionsfaktorer, LENI-tal'!$H$33:$H$37,0),5), N$25='4. Reduktionsfaktorer, LENI-tal'!$T$12,INDEX('4. Reduktionsfaktorer, LENI-tal'!$H$38:$O$45,MATCH(N$27,'4. Reduktionsfaktorer, LENI-tal'!$H$38:$H$45,0),5)), "Fyll i byggnads- och rumstyp ovan")} -> Fyll i byggnads- och rumstyp ovan | O39: {=IFERROR(_xlfn.IFS(O$25='4. Reduktionsfaktorer, LENI-tal'!$Q$12,INDEX('4. Reduktionsfaktorer, LENI-tal'!$H$13:$O$23,MATCH(O$27,'4. Reduktionsfaktorer, LENI-tal'!$H$13:$H$23,0),5), O$25="SKOLA OCH RESTAURANG",INDEX('4. Reduktionsfaktorer, LENI-tal'!$H$24:$O$32,MATCH(O$27,'4. Reduktionsfaktorer, LENI-tal'!$H$24:$H$32,0),5), O$25='4. Reduktionsfaktorer, LENI-tal'!$S$12,INDEX('4. Reduktionsfaktorer, LENI-tal'!$H$33:$O$37,MATCH(O$27,'4. Reduktionsfaktorer, LENI-tal'!$H$33:$H$37,0),5), O$25='4. Reduktionsfaktorer, LENI-tal'!$T$12,INDEX('4. Reduktionsfaktorer, LENI-tal'!$H$38:$O$45,MATCH(O$27,'4. Reduktionsfaktorer, LENI-tal'!$H$38:$H$45,0),5)), "Fyll i byggnads- och rumstyp ovan")} -> Fyll i byggnads- och rumstyp ovan | P39: {=IFERROR(_xlfn.IFS(P$25='4. Reduktionsfaktorer, LENI-tal'!$Q$12,INDEX('4. Reduktionsfaktorer, LENI-tal'!$H$13:$O$23,MATCH(P$27,'4. Reduktionsfaktorer, LENI-tal'!$H$13:$H$23,0),5), P$25="SKOLA OCH RESTAURANG",INDEX('4. Reduktionsfaktorer, LENI-tal'!$H$24:$O$32,MATCH(P$27,'4. Reduktionsfaktorer, LENI-tal'!$H$24:$H$32,0),5), P$25='4. Reduktionsfaktorer, LENI-tal'!$S$12,INDEX('4. Reduktionsfaktorer, LENI-tal'!$H$33:$O$37,MATCH(P$27,'4. Reduktionsfaktorer, LENI-tal'!$H$33:$H$37,0),5), P$25='4. Reduktionsfaktorer, LENI-tal'!$T$12,INDEX('4. Reduktionsfaktorer, LENI-tal'!$H$38:$O$45,MATCH(P$27,'4. Reduktionsfaktorer, LENI-tal'!$H$38:$H$45,0),5)), "Fyll i byggnads- och rumstyp ovan")} -> Fyll i byggnads- och rumstyp ovan | ... R39: {=IFERROR(_xlfn.IFS(R$25='4. Reduktionsfaktorer, LENI-tal'!$Q$12,INDEX('4. Reduktionsfaktorer, LENI-tal'!$H$13:$O$23,MATCH(R$27,'4. Reduktionsfaktorer, LENI-tal'!$H$13:$H$23,0),5), R$25="SKOLA OCH RESTAURANG",INDEX('4. Reduktionsfaktorer, LENI-tal'!$H$24:$O$32,MATCH(R$27,'4. Reduktionsfaktorer, LENI-tal'!$H$24:$H$32,0),5), R$25='4. Reduktionsfaktorer, LENI-tal'!$S$12,INDEX('4. Reduktionsfaktorer, LENI-tal'!$H$33:$O$37,MATCH(R$27,'4. Reduktionsfaktorer, LENI-tal'!$H$33:$H$37,0),5), R$25='4. Reduktionsfaktorer, LENI-tal'!$T$12,INDEX('4. Reduktionsfaktorer, LENI-tal'!$H$38:$O$45,MATCH(R$27,'4. Reduktionsfaktorer, LENI-tal'!$H$38:$H$45,0),5)), "Fyll i byggnads- och rumstyp ovan")} -> Fyll i byggnads- och rumstyp ovan
B40: 2.9 | C40: Total reduktionsfaktor för styrning | I40: =IF(IF(I36=$I$238,I37,IF(I36=$I$239,I37*I38,IF(I36=$I$240,I37*I38*I39,1)))=0,"Fyll i 2.6-2.8",IF(I36=$I$238,I37,IF(I36=$I$239,I37*I38,IF(I36=$I$240,I37*I38*I39,1)))) -> 1 | J40: =IF(IF(J36=$I$238,J37,IF(J36=$I$239,J37*J38,IF(J36=$I$240,J37*J38*J39,1)))=0,"Fyll i 2.6-2.8",IF(J36=$I$238,J37,IF(J36=$I$239,J37*J38,IF(J36=$I$240,J37*J38*J39,1)))) -> 1 | K40: =IF(IF(K36=$I$238,K37,IF(K36=$I$239,K37*K38,IF(K36=$I$240,K37*K38*K39,1)))=0,"Fyll i 2.6-2.8",IF(K36=$I$238,K37,IF(K36=$I$239,K37*K38,IF(K36=$I$240,K37*K38*K39,1)))) -> 1 | L40: =IF(IF(L36=$I$238,L37,IF(L36=$I$239,L37*L38,IF(L36=$I$240,L37*L38*L39,1)))=0,"Fyll i 2.6-2.8",IF(L36=$I$238,L37,IF(L36=$I$239,L37*L38,IF(L36=$I$240,L37*L38*L39,1)))) -> 1 | M40: =IF(IF(M36=$I$238,M37,IF(M36=$I$239,M37*M38,IF(M36=$I$240,M37*M38*M39,1)))=0,"Fyll i 2.6-2.8",IF(M36=$I$238,M37,IF(M36=$I$239,M37*M38,IF(M36=$I$240,M37*M38*M39,1)))) -> 1 | N40: =IF(IF(N36=$I$238,N37,IF(N36=$I$239,N37*N38,IF(N36=$I$240,N37*N38*N39,1)))=0,"Fyll i 2.6-2.8",IF(N36=$I$238,N37,IF(N36=$I$239,N37*N38,IF(N36=$I$240,N37*N38*N39,1)))) -> 1 | O40: =IF(IF(O36=$I$238,O37,IF(O36=$I$239,O37*O38,IF(O36=$I$240,O37*O38*O39,1)))=0,"Fyll i 2.6-2.8",IF(O36=$I$238,O37,IF(O36=$I$239,O37*O38,IF(O36=$I$240,O37*O38*O39,1)))) -> 1 | P40: =IF(IF(P36=$I$238,P37,IF(P36=$I$239,P37*P38,IF(P36=$I$240,P37*P38*P39,1)))=0,"Fyll i 2.6-2.8",IF(P36=$I$238,P37,IF(P36=$I$239,P37*P38,IF(P36=$I$240,P37*P38*P39,1)))) -> 1 | ... R40: =IF(IF(R36=$I$238,R37,IF(R36=$I$239,R37*R38,IF(R36=$I$240,R37*R38*R39,1)))=0,"Fyll i 2.6-2.8",IF(R36=$I$238,R37,IF(R36=$I$239,R37*R38,IF(R36=$I$240,R37*R38*R39,1)))) -> 1
B41: 2.10 | C41: Underhållskostnader | H41: kr/år
C43: ARMATURTYP 2
B44: 2.1 | C44: Antal armaturer | H44: stk
B45: 2.2 | C45: Armaturpris | H45: kr/stk
B46: 2.3 | C46: Material- och arbetskostnader armatur | H46: kr/stk
B47: 2.4 | C47: Effekt per armatur, inkl. driftsförluster | H47: W/stk
B48: 2.5 | C48: Typ av styrning | I48: Ingen | J48: Ingen | K48: Ingen | L48: Ingen | M48: Ingen | N48: Ingen | O48: Ingen | P48: Ingen | Q48: Ingen | R48: Ingen
B49: 2.6 | C49: Reduktionsfaktor manuell styrning | I49: {=IFERROR(_xlfn.IFS(I$25='4. Reduktionsfaktorer, LENI-tal'!$Q$12,INDEX('4. Reduktionsfaktorer, LENI-tal'!$H$13:$O$23,MATCH(I$27,'4. Reduktionsfaktorer, LENI-tal'!$H$13:$H$23,0),3), I$25="SKOLA OCH RESTAURANG",INDEX('4. Reduktionsfaktorer, LENI-tal'!$H$24:$O$32,MATCH(I$27,'4. Reduktionsfaktorer, LENI-tal'!$H$24:$H$32,0),3), I$25='4. Reduktionsfaktorer, LENI-tal'!$S$12,INDEX('4. Reduktionsfaktorer, LENI-tal'!$H$33:$O$37,MATCH(I$27,'4. Reduktionsfaktorer, LENI-tal'!$H$33:$H$37,0),3), I$25='4. Reduktionsfaktorer, LENI-tal'!$T$12,INDEX('4. Reduktionsfaktorer, LENI-tal'!$H$38:$O$45,MATCH(I$27,'4. Reduktionsfaktorer, LENI-tal'!$H$38:$H$45,0),3)), "Fyll i byggnads- och rumstyp ovan")} -> Fyll i byggnads- och rumstyp ovan | J49: {=IFERROR(_xlfn.IFS(J$25='4. Reduktionsfaktorer, LENI-tal'!$Q$12,INDEX('4. Reduktionsfaktorer, LENI-tal'!$H$13:$O$23,MATCH(J$27,'4. Reduktionsfaktorer, LENI-tal'!$H$13:$H$23,0),3), J$25="SKOLA OCH RESTAURANG",INDEX('4. Reduktionsfaktorer, LENI-tal'!$H$24:$O$32,MATCH(J$27,'4. Reduktionsfaktorer, LENI-tal'!$H$24:$H$32,0),3), J$25='4. Reduktionsfaktorer, LENI-tal'!$S$12,INDEX('4. Reduktionsfaktorer, LENI-tal'!$H$33:$O$37,MATCH(J$27,'4. Reduktionsfaktorer, LENI-tal'!$H$33:$H$37,0),3), J$25='4. Reduktionsfaktorer, LENI-tal'!$T$12,INDEX('4. Reduktionsfaktorer, LENI-tal'!$H$38:$O$45,MATCH(J$27,'4. Reduktionsfaktorer, LENI-tal'!$H$38:$H$45,0),3)), "Fyll i byggnads- och rumstyp ovan")} -> Fyll i byggnads- och rumstyp ovan | K49: {=IFERROR(_xlfn.IFS(K$25='4. Reduktionsfaktorer, LENI-tal'!$Q$12,INDEX('4. Reduktionsfaktorer, LENI-tal'!$H$13:$O$23,MATCH(K$27,'4. Reduktionsfaktorer, LENI-tal'!$H$13:$H$23,0),3), K$25="SKOLA OCH RESTAURANG",INDEX('4. Reduktionsfaktorer, LENI-tal'!$H$24:$O$32,MATCH(K$27,'4. Reduktionsfaktorer, LENI-tal'!$H$24:$H$32,0),3), K$25='4. Reduktionsfaktorer, LENI-tal'!$S$12,INDEX('4. Reduktionsfaktorer, LENI-tal'!$H$33:$O$37,MATCH(K$27,'4. Reduktionsfaktorer, LENI-tal'!$H$33:$H$37,0),3), K$25='4. Reduktionsfaktorer, LENI-tal'!$T$12,INDEX('4. Reduktionsfaktorer, LENI-tal'!$H$38:$O$45,MATCH(K$27,'4. Reduktionsfaktorer, LENI-tal'!$H$38:$H$45,0),3)), "Fyll i byggnads- och rumstyp ovan")} -> Fyll i byggnads- och rumstyp ovan | L49: {=IFERROR(_xlfn.IFS(L$25='4. Reduktionsfaktorer, LENI-tal'!$Q$12,INDEX('4. Reduktionsfaktorer, LENI-tal'!$H$13:$O$23,MATCH(L$27,'4. Reduktionsfaktorer, LENI-tal'!$H$13:$H$23,0),3), L$25="SKOLA OCH RESTAURANG",INDEX('4. Reduktionsfaktorer, LENI-tal'!$H$24:$O$32,MATCH(L$27,'4. Reduktionsfaktorer, LENI-tal'!$H$24:$H$32,0),3), L$25='4. Reduktionsfaktorer, LENI-tal'!$S$12,INDEX('4. Reduktionsfaktorer, LENI-tal'!$H$33:$O$37,MATCH(L$27,'4. Reduktionsfaktorer, LENI-tal'!$H$33:$H$37,0),3), L$25='4. Reduktionsfaktorer, LENI-tal'!$T$12,INDEX('4. Reduktionsfaktorer, LENI-tal'!$H$38:$O$45,MATCH(L$27,'4. Reduktionsfaktorer, LENI-tal'!$H$38:$H$45,0),3)), "Fyll i byggnads- och rumstyp ovan")} -> Fyll i byggnads- och rumstyp ovan | M49: {=IFERROR(_xlfn.IFS(M$25='4. Reduktionsfaktorer, LENI-tal'!$Q$12,INDEX('4. Reduktionsfaktorer, LENI-tal'!$H$13:$O$23,MATCH(M$27,'4. Reduktionsfaktorer, LENI-tal'!$H$13:$H$23,0),3), M$25="SKOLA OCH RESTAURANG",INDEX('4. Reduktionsfaktorer, LENI-tal'!$H$24:$O$32,MATCH(M$27,'4. Reduktionsfaktorer, LENI-tal'!$H$24:$H$32,0),3), M$25='4. Reduktionsfaktorer, LENI-tal'!$S$12,INDEX('4. Reduktionsfaktorer, LENI-tal'!$H$33:$O$37,MATCH(M$27,'4. Reduktionsfaktorer, LENI-tal'!$H$33:$H$37,0),3), M$25='4. Reduktionsfaktorer, LENI-tal'!$T$12,INDEX('4. Reduktionsfaktorer, LENI-tal'!$H$38:$O$45,MATCH(M$27,'4. Reduktionsfaktorer, LENI-tal'!$H$38:$H$45,0),3)), "Fyll i byggnads- och rumstyp ovan")} -> Fyll i byggnads- och rumstyp ovan | N49: {=IFERROR(_xlfn.IFS(N$25='4. Reduktionsfaktorer, LENI-tal'!$Q$12,INDEX('4. Reduktionsfaktorer, LENI-tal'!$H$13:$O$23,MATCH(N$27,'4. Reduktionsfaktorer, LENI-tal'!$H$13:$H$23,0),3), N$25="SKOLA OCH RESTAURANG",INDEX('4. Reduktionsfaktorer, LENI-tal'!$H$24:$O$32,MATCH(N$27,'4. Reduktionsfaktorer, LENI-tal'!$H$24:$H$32,0),3), N$25='4. Reduktionsfaktorer, LENI-tal'!$S$12,INDEX('4. Reduktionsfaktorer, LENI-tal'!$H$33:$O$37,MATCH(N$27,'4. Reduktionsfaktorer, LENI-tal'!$H$33:$H$37,0),3), N$25='4. Reduktionsfaktorer, LENI-tal'!$T$12,INDEX('4. Reduktionsfaktorer, LENI-tal'!$H$38:$O$45,MATCH(N$27,'4. Reduktionsfaktorer, LENI-tal'!$H$38:$H$45,0),3)), "Fyll i byggnads- och rumstyp ovan")} -> Fyll i byggnads- och rumstyp ovan | O49: {=IFERROR(_xlfn.IFS(O$25='4. Reduktionsfaktorer, LENI-tal'!$Q$12,INDEX('4. Reduktionsfaktorer, LENI-tal'!$H$13:$O$23,MATCH(O$27,'4. Reduktionsfaktorer, LENI-tal'!$H$13:$H$23,0),3), O$25="SKOLA OCH RESTAURANG",INDEX('4. Reduktionsfaktorer, LENI-tal'!$H$24:$O$32,MATCH(O$27,'4. Reduktionsfaktorer, LENI-tal'!$H$24:$H$32,0),3), O$25='4. Reduktionsfaktorer, LENI-tal'!$S$12,INDEX('4. Reduktionsfaktorer, LENI-tal'!$H$33:$O$37,MATCH(O$27,'4. Reduktionsfaktorer, LENI-tal'!$H$33:$H$37,0),3), O$25='4. Reduktionsfaktorer, LENI-tal'!$T$12,INDEX('4. Reduktionsfaktorer, LENI-tal'!$H$38:$O$45,MATCH(O$27,'4. Reduktionsfaktorer, LENI-tal'!$H$38:$H$45,0),3)), "Fyll i byggnads- och rumstyp ovan")} -> Fyll i byggnads- och rumstyp ovan | P49: {=IFERROR(_xlfn.IFS(P$25='4. Reduktionsfaktorer, LENI-tal'!$Q$12,INDEX('4. Reduktionsfaktorer, LENI-tal'!$H$13:$O$23,MATCH(P$27,'4. Reduktionsfaktorer, LENI-tal'!$H$13:$H$23,0),3), P$25="SKOLA OCH RESTAURANG",INDEX('4. Reduktionsfaktorer, LENI-tal'!$H$24:$O$32,MATCH(P$27,'4. Reduktionsfaktorer, LENI-tal'!$H$24:$H$32,0),3), P$25='4. Reduktionsfaktorer, LENI-tal'!$S$12,INDEX('4. Reduktionsfaktorer, LENI-tal'!$H$33:$O$37,MATCH(P$27,'4. Reduktionsfaktorer, LENI-tal'!$H$33:$H$37,0),3), P$25='4. Reduktionsfaktorer, LENI-tal'!$T$12,INDEX('4. Reduktionsfaktorer, LENI-tal'!$H$38:$O$45,MATCH(P$27,'4. Reduktionsfaktorer, LENI-tal'!$H$38:$H$45,0),3)), "Fyll i byggnads- och rumstyp ovan")} -> Fyll i byggnads- och rumstyp ovan | ... R49: {=IFERROR(_xlfn.IFS(R$25='4. Reduktionsfaktorer, LENI-tal'!$Q$12,INDEX('4. Reduktionsfaktorer, LENI-tal'!$H$13:$O$23,MATCH(R$27,'4. Reduktionsfaktorer, LENI-tal'!$H$13:$H$23,0),3), R$25="SKOLA OCH RESTAURANG",INDEX('4. Reduktionsfaktorer, LENI-tal'!$H$24:$O$32,MATCH(R$27,'4. Reduktionsfaktorer, LENI-tal'!$H$24:$H$32,0),3), R$25='4. Reduktionsfaktorer, LENI-tal'!$S$12,INDEX('4. Reduktionsfaktorer, LENI-tal'!$H$33:$O$37,MATCH(R$27,'4. Reduktionsfaktorer, LENI-tal'!$H$33:$H$37,0),3), R$25='4. Reduktionsfaktorer, LENI-tal'!$T$12,INDEX('4. Reduktionsfaktorer, LENI-tal'!$H$38:$O$45,MATCH(R$27,'4. Reduktionsfaktorer, LENI-tal'!$H$38:$H$45,0),3)), "Fyll i byggnads- och rumstyp ovan")} -> Fyll i byggnads- och rumstyp ovan
B50: 2.7 | C50: Reduktionsfaktor närvaro-/frånvarostyrning | I50: {=IFERROR(_xlfn.IFS(I$25='4. Reduktionsfaktorer, LENI-tal'!$Q$12,INDEX('4. Reduktionsfaktorer, LENI-tal'!$H$13:$O$23,MATCH(I$27,'4. Reduktionsfaktorer, LENI-tal'!$H$13:$H$23,0),4), I$25="SKOLA OCH RESTAURANG",INDEX('4. Reduktionsfaktorer, LENI-tal'!$H$24:$O$32,MATCH(I$27,'4. Reduktionsfaktorer, LENI-tal'!$H$24:$H$32,0),4), I$25='4. Reduktionsfaktorer, LENI-tal'!$S$12,INDEX('4. Reduktionsfaktorer, LENI-tal'!$H$33:$O$37,MATCH(I$27,'4. Reduktionsfaktorer, LENI-tal'!$H$33:$H$37,0),4), I$25='4. Reduktionsfaktorer, LENI-tal'!$T$12,INDEX('4. Reduktionsfaktorer, LENI-tal'!$H$38:$O$45,MATCH(I$27,'4. Reduktionsfaktorer, LENI-tal'!$H$38:$H$45,0),4)), "Fyll i byggnads- och rumstyp ovan")} -> Fyll i byggnads- och rumstyp ovan | J50: {=IFERROR(_xlfn.IFS(J$25='4. Reduktionsfaktorer, LENI-tal'!$Q$12,INDEX('4. Reduktionsfaktorer, LENI-tal'!$H$13:$O$23,MATCH(J$27,'4. Reduktionsfaktorer, LENI-tal'!$H$13:$H$23,0),4), J$25="SKOLA OCH RESTAURANG",INDEX('4. Reduktionsfaktorer, LENI-tal'!$H$24:$O$32,MATCH(J$27,'4. Reduktionsfaktorer, LENI-tal'!$H$24:$H$32,0),4), J$25='4. Reduktionsfaktorer, LENI-tal'!$S$12,INDEX('4. Reduktionsfaktorer, LENI-tal'!$H$33:$O$37,MATCH(J$27,'4. Reduktionsfaktorer, LENI-tal'!$H$33:$H$37,0),4), J$25='4. Reduktionsfaktorer, LENI-tal'!$T$12,INDEX('4. Reduktionsfaktorer, LENI-tal'!$H$38:$O$45,MATCH(J$27,'4. Reduktionsfaktorer, LENI-tal'!$H$38:$H$45,0),4)), "Fyll i byggnads- och rumstyp ovan")} -> Fyll i byggnads- och rumstyp ovan | K50: {=IFERROR(_xlfn.IFS(K$25='4. Reduktionsfaktorer, LENI-tal'!$Q$12,INDEX('4. Reduktionsfaktorer, LENI-tal'!$H$13:$O$23,MATCH(K$27,'4. Reduktionsfaktorer, LENI-tal'!$H$13:$H$23,0),4), K$25="SKOLA OCH RESTAURANG",INDEX('4. Reduktionsfaktorer, LENI-tal'!$H$24:$O$32,MATCH(K$27,'4. Reduktionsfaktorer, LENI-tal'!$H$24:$H$32,0),4), K$25='4. Reduktionsfaktorer, LENI-tal'!$S$12,INDEX('4. Reduktionsfaktorer, LENI-tal'!$H$33:$O$37,MATCH(K$27,'4. Reduktionsfaktorer, LENI-tal'!$H$33:$H$37,0),4), K$25='4. Reduktionsfaktorer, LENI-tal'!$T$12,INDEX('4. Reduktionsfaktorer, LENI-tal'!$H$38:$O$45,MATCH(K$27,'4. Reduktionsfaktorer, LENI-tal'!$H$38:$H$45,0),4)), "Fyll i byggnads- och rumstyp ovan")} -> Fyll i byggnads- och rumstyp ovan | L50: {=IFERROR(_xlfn.IFS(L$25='4. Reduktionsfaktorer, LENI-tal'!$Q$12,INDEX('4. Reduktionsfaktorer, LENI-tal'!$H$13:$O$23,MATCH(L$27,'4. Reduktionsfaktorer, LENI-tal'!$H$13:$H$23,0),4), L$25="SKOLA OCH RESTAURANG",INDEX('4. Reduktionsfaktorer, LENI-tal'!$H$24:$O$32,MATCH(L$27,'4. Reduktionsfaktorer, LENI-tal'!$H$24:$H$32,0),4), L$25='4. Reduktionsfaktorer, LENI-tal'!$S$12,INDEX('4. Reduktionsfaktorer, LENI-tal'!$H$33:$O$37,MATCH(L$27,'4. Reduktionsfaktorer, LENI-tal'!$H$33:$H$37,0),4), L$25='4. Reduktionsfaktorer, LENI-tal'!$T$12,INDEX('4. Reduktionsfaktorer, LENI-tal'!$H$38:$O$45,MATCH(L$27,'4. Reduktionsfaktorer, LENI-tal'!$H$38:$H$45,0),4)), "Fyll i byggnads- och rumstyp ovan")} -> Fyll i byggnads- och rumstyp ovan | M50: {=IFERROR(_xlfn.IFS(M$25='4. Reduktionsfaktorer, LENI-tal'!$Q$12,INDEX('4. Reduktionsfaktorer, LENI-tal'!$H$13:$O$23,MATCH(M$27,'4. Reduktionsfaktorer, LENI-tal'!$H$13:$H$23,0),4), M$25="SKOLA OCH RESTAURANG",INDEX('4. Reduktionsfaktorer, LENI-tal'!$H$24:$O$32,MATCH(M$27,'4. Reduktionsfaktorer, LENI-tal'!$H$24:$H$32,0),4), M$25='4. Reduktionsfaktorer, LENI-tal'!$S$12,INDEX('4. Reduktionsfaktorer, LENI-tal'!$H$33:$O$37,MATCH(M$27,'4. Reduktionsfaktorer, LENI-tal'!$H$33:$H$37,0),4), M$25='4. Reduktionsfaktorer, LENI-tal'!$T$12,INDEX('4. Reduktionsfaktorer, LENI-tal'!$H$38:$O$45,MATCH(M$27,'4. Reduktionsfaktorer, LENI-tal'!$H$38:$H$45,0),4)), "Fyll i byggnads- och rumstyp ovan")} -> Fyll i byggnads- och rumstyp ovan | N50: {=IFERROR(_xlfn.IFS(N$25='4. Reduktionsfaktorer, LENI-tal'!$Q$12,INDEX('4. Reduktionsfaktorer, LENI-tal'!$H$13:$O$23,MATCH(N$27,'4. Reduktionsfaktorer, LENI-tal'!$H$13:$H$23,0),4), N$25="SKOLA OCH RESTAURANG",INDEX('4. Reduktionsfaktorer, LENI-tal'!$H$24:$O$32,MATCH(N$27,'4. Reduktionsfaktorer, LENI-tal'!$H$24:$H$32,0),4), N$25='4. Reduktionsfaktorer, LENI-tal'!$S$12,INDEX('4. Reduktionsfaktorer, LENI-tal'!$H$33:$O$37,MATCH(N$27,'4. Reduktionsfaktorer, LENI-tal'!$H$33:$H$37,0),4), N$25='4. Reduktionsfaktorer, LENI-tal'!$T$12,INDEX('4. Reduktionsfaktorer, LENI-tal'!$H$38:$O$45,MATCH(N$27,'4. Reduktionsfaktorer, LENI-tal'!$H$38:$H$45,0),4)), "Fyll i byggnads- och rumstyp ovan")} -> Fyll i byggnads- och rumstyp ovan | O50: {=IFERROR(_xlfn.IFS(O$25='4. Reduktionsfaktorer, LENI-tal'!$Q$12,INDEX('4. Reduktionsfaktorer, LENI-tal'!$H$13:$O$23,MATCH(O$27,'4. Reduktionsfaktorer, LENI-tal'!$H$13:$H$23,0),4), O$25="SKOLA OCH RESTAURANG",INDEX('4. Reduktionsfaktorer, LENI-tal'!$H$24:$O$32,MATCH(O$27,'4. Reduktionsfaktorer, LENI-tal'!$H$24:$H$32,0),4), O$25='4. Reduktionsfaktorer, LENI-tal'!$S$12,INDEX('4. Reduktionsfaktorer, LENI-tal'!$H$33:$O$37,MATCH(O$27,'4. Reduktionsfaktorer, LENI-tal'!$H$33:$H$37,0),4), O$25='4. Reduktionsfaktorer, LENI-tal'!$T$12,INDEX('4. Reduktionsfaktorer, LENI-tal'!$H$38:$O$45,MATCH(O$27,'4. Reduktionsfaktorer, LENI-tal'!$H$38:$H$45,0),4)), "Fyll i byggnads- och rumstyp ovan")} -> Fyll i byggnads- och rumstyp ovan | P50: {=IFERROR(_xlfn.IFS(P$25='4. Reduktionsfaktorer, LENI-tal'!$Q$12,INDEX('4. Reduktionsfaktorer, LENI-tal'!$H$13:$O$23,MATCH(P$27,'4. Reduktionsfaktorer, LENI-tal'!$H$13:$H$23,0),4), P$25="SKOLA OCH RESTAURANG",INDEX('4. Reduktionsfaktorer, LENI-tal'!$H$24:$O$32,MATCH(P$27,'4. Reduktionsfaktorer, LENI-tal'!$H$24:$H$32,0),4), P$25='4. Reduktionsfaktorer, LENI-tal'!$S$12,INDEX('4. Reduktionsfaktorer, LENI-tal'!$H$33:$O$37,MATCH(P$27,'4. Reduktionsfaktorer, LENI-tal'!$H$33:$H$37,0),4), P$25='4. Reduktionsfaktorer, LENI-tal'!$T$12,INDEX('4. Reduktionsfaktorer, LENI-tal'!$H$38:$O$45,MATCH(P$27,'4. Reduktionsfaktorer, LENI-tal'!$H$38:$H$45,0),4)), "Fyll i byggnads- och rumstyp ovan")} -> Fyll i byggnads- och rumstyp ovan | ... R50: {=IFERROR(_xlfn.IFS(R$25='4. Reduktionsfaktorer, LENI-tal'!$Q$12,INDEX('4. Reduktionsfaktorer, LENI-tal'!$H$13:$O$23,MATCH(R$27,'4. Reduktionsfaktorer, LENI-tal'!$H$13:$H$23,0),4), R$25="SKOLA OCH RESTAURANG",INDEX('4. Reduktionsfaktorer, LENI-tal'!$H$24:$O$32,MATCH(R$27,'4. Reduktionsfaktorer, LENI-tal'!$H$24:$H$32,0),4), R$25='4. Reduktionsfaktorer, LENI-tal'!$S$12,INDEX('4. Reduktionsfaktorer, LENI-tal'!$H$33:$O$37,MATCH(R$27,'4. Reduktionsfaktorer, LENI-tal'!$H$33:$H$37,0),4), R$25='4. Reduktionsfaktorer, LENI-tal'!$T$12,INDEX('4. Reduktionsfaktorer, LENI-tal'!$H$38:$O$45,MATCH(R$27,'4. Reduktionsfaktorer, LENI-tal'!$H$38:$H$45,0),4)), "Fyll i byggnads- och rumstyp ovan")} -> Fyll i byggnads- och rumstyp ovan
B51: 2.8 | C51: Reduktionsfaktor dagsljusstyrning | I51: {=IFERROR(_xlfn.IFS(I$25='4. Reduktionsfaktorer, LENI-tal'!$Q$12,INDEX('4. Reduktionsfaktorer, LENI-tal'!$H$13:$O$23,MATCH(I$27,'4. Reduktionsfaktorer, LENI-tal'!$H$13:$H$23,0),5), I$25="SKOLA OCH RESTAURANG",INDEX('4. Reduktionsfaktorer, LENI-tal'!$H$24:$O$32,MATCH(I$27,'4. Reduktionsfaktorer, LENI-tal'!$H$24:$H$32,0),5), I$25='4. Reduktionsfaktorer, LENI-tal'!$S$12,INDEX('4. Reduktionsfaktorer, LENI-tal'!$H$33:$O$37,MATCH(I$27,'4. Reduktionsfaktorer, LENI-tal'!$H$33:$H$37,0),5), I$25='4. Reduktionsfaktorer, LENI-tal'!$T$12,INDEX('4. Reduktionsfaktorer, LENI-tal'!$H$38:$O$45,MATCH(I$27,'4. Reduktionsfaktorer, LENI-tal'!$H$38:$H$45,0),5)), "Fyll i byggnads- och rumstyp ovan")} -> Fyll i byggnads- och rumstyp ovan | J51: {=IFERROR(_xlfn.IFS(J$25='4. Reduktionsfaktorer, LENI-tal'!$Q$12,INDEX('4. Reduktionsfaktorer, LENI-tal'!$H$13:$O$23,MATCH(J$27,'4. Reduktionsfaktorer, LENI-tal'!$H$13:$H$23,0),5), J$25="SKOLA OCH RESTAURANG",INDEX('4. Reduktionsfaktorer, LENI-tal'!$H$24:$O$32,MATCH(J$27,'4. Reduktionsfaktorer, LENI-tal'!$H$24:$H$32,0),5), J$25='4. Reduktionsfaktorer, LENI-tal'!$S$12,INDEX('4. Reduktionsfaktorer, LENI-tal'!$H$33:$O$37,MATCH(J$27,'4. Reduktionsfaktorer, LENI-tal'!$H$33:$H$37,0),5), J$25='4. Reduktionsfaktorer, LENI-tal'!$T$12,INDEX('4. Reduktionsfaktorer, LENI-tal'!$H$38:$O$45,MATCH(J$27,'4. Reduktionsfaktorer, LENI-tal'!$H$38:$H$45,0),5)), "Fyll i byggnads- och rumstyp ovan")} -> Fyll i byggnads- och rumstyp ovan | K51: {=IFERROR(_xlfn.IFS(K$25='4. Reduktionsfaktorer, LENI-tal'!$Q$12,INDEX('4. Reduktionsfaktorer, LENI-tal'!$H$13:$O$23,MATCH(K$27,'4. Reduktionsfaktorer, LENI-tal'!$H$13:$H$23,0),5), K$25="SKOLA OCH RESTAURANG",INDEX('4. Reduktionsfaktorer, LENI-tal'!$H$24:$O$32,MATCH(K$27,'4. Reduktionsfaktorer, LENI-tal'!$H$24:$H$32,0),5), K$25='4. Reduktionsfaktorer, LENI-tal'!$S$12,INDEX('4. Reduktionsfaktorer, LENI-tal'!$H$33:$O$37,MATCH(K$27,'4. Reduktionsfaktorer, LENI-tal'!$H$33:$H$37,0),5), K$25='4. Reduktionsfaktorer, LENI-tal'!$T$12,INDEX('4. Reduktionsfaktorer, LENI-tal'!$H$38:$O$45,MATCH(K$27,'4. Reduktionsfaktorer, LENI-tal'!$H$38:$H$45,0),5)), "Fyll i byggnads- och rumstyp ovan")} -> Fyll i byggnads- och rumstyp ovan | L51: {=IFERROR(_xlfn.IFS(L$25='4. Reduktionsfaktorer, LENI-tal'!$Q$12,INDEX('4. Reduktionsfaktorer, LENI-tal'!$H$13:$O$23,MATCH(L$27,'4. Reduktionsfaktorer, LENI-tal'!$H$13:$H$23,0),5), L$25="SKOLA OCH RESTAURANG",INDEX('4. Reduktionsfaktorer, LENI-tal'!$H$24:$O$32,MATCH(L$27,'4. Reduktionsfaktorer, LENI-tal'!$H$24:$H$32,0),5), L$25='4. Reduktionsfaktorer, LENI-tal'!$S$12,INDEX('4. Reduktionsfaktorer, LENI-tal'!$H$33:$O$37,MATCH(L$27,'4. Reduktionsfaktorer, LENI-tal'!$H$33:$H$37,0),5), L$25='4. Reduktionsfaktorer, LENI-tal'!$T$12,INDEX('4. Reduktionsfaktorer, LENI-tal'!$H$38:$O$45,MATCH(L$27,'4. Reduktionsfaktorer, LENI-tal'!$H$38:$H$45,0),5)), "Fyll i byggnads- och rumstyp ovan")} -> Fyll i byggnads- och rumstyp ovan | M51: {=IFERROR(_xlfn.IFS(M$25='4. Reduktionsfaktorer, LENI-tal'!$Q$12,INDEX('4. Reduktionsfaktorer, LENI-tal'!$H$13:$O$23,MATCH(M$27,'4. Reduktionsfaktorer, LENI-tal'!$H$13:$H$23,0),5), M$25="SKOLA OCH RESTAURANG",INDEX('4. Reduktionsfaktorer, LENI-tal'!$H$24:$O$32,MATCH(M$27,'4. Reduktionsfaktorer, LENI-tal'!$H$24:$H$32,0),5), M$25='4. Reduktionsfaktorer, LENI-tal'!$S$12,INDEX('4. Reduktionsfaktorer, LENI-tal'!$H$33:$O$37,MATCH(M$27,'4. Reduktionsfaktorer, LENI-tal'!$H$33:$H$37,0),5), M$25='4. Reduktionsfaktorer, LENI-tal'!$T$12,INDEX('4. Reduktionsfaktorer, LENI-tal'!$H$38:$O$45,MATCH(M$27,'4. Reduktionsfaktorer, LENI-tal'!$H$38:$H$45,0),5)), "Fyll i byggnads- och rumstyp ovan")} -> Fyll i byggnads- och rumstyp ovan | N51: {=IFERROR(_xlfn.IFS(N$25='4. Reduktionsfaktorer, LENI-tal'!$Q$12,INDEX('4. Reduktionsfaktorer, LENI-tal'!$H$13:$O$23,MATCH(N$27,'4. Reduktionsfaktorer, LENI-tal'!$H$13:$H$23,0),5), N$25="SKOLA OCH RESTAURANG",INDEX('4. Reduktionsfaktorer, LENI-tal'!$H$24:$O$32,MATCH(N$27,'4. Reduktionsfaktorer, LENI-tal'!$H$24:$H$32,0),5), N$25='4. Reduktionsfaktorer, LENI-tal'!$S$12,INDEX('4. Reduktionsfaktorer, LENI-tal'!$H$33:$O$37,MATCH(N$27,'4. Reduktionsfaktorer, LENI-tal'!$H$33:$H$37,0),5), N$25='4. Reduktionsfaktorer, LENI-tal'!$T$12,INDEX('4. Reduktionsfaktorer, LENI-tal'!$H$38:$O$45,MATCH(N$27,'4. Reduktionsfaktorer, LENI-tal'!$H$38:$H$45,0),5)), "Fyll i byggnads- och rumstyp ovan")} -> Fyll i byggnads- och rumstyp ovan | O51: {=IFERROR(_xlfn.IFS(O$25='4. Reduktionsfaktorer, LENI-tal'!$Q$12,INDEX('4. Reduktionsfaktorer, LENI-tal'!$H$13:$O$23,MATCH(O$27,'4. Reduktionsfaktorer, LENI-tal'!$H$13:$H$23,0),5), O$25="SKOLA OCH RESTAURANG",INDEX('4. Reduktionsfaktorer, LENI-tal'!$H$24:$O$32,MATCH(O$27,'4. Reduktionsfaktorer, LENI-tal'!$H$24:$H$32,0),5), O$25='4. Reduktionsfaktorer, LENI-tal'!$S$12,INDEX('4. Reduktionsfaktorer, LENI-tal'!$H$33:$O$37,MATCH(O$27,'4. Reduktionsfaktorer, LENI-tal'!$H$33:$H$37,0),5), O$25='4. Reduktionsfaktorer, LENI-tal'!$T$12,INDEX('4. Reduktionsfaktorer, LENI-tal'!$H$38:$O$45,MATCH(O$27,'4. Reduktionsfaktorer, LENI-tal'!$H$38:$H$45,0),5)), "Fyll i byggnads- och rumstyp ovan")} -> Fyll i byggnads- och rumstyp ovan | P51: {=IFERROR(_xlfn.IFS(P$25='4. Reduktionsfaktorer, LENI-tal'!$Q$12,INDEX('4. Reduktionsfaktorer, LENI-tal'!$H$13:$O$23,MATCH(P$27,'4. Reduktionsfaktorer, LENI-tal'!$H$13:$H$23,0),5), P$25="SKOLA OCH RESTAURANG",INDEX('4. Reduktionsfaktorer, LENI-tal'!$H$24:$O$32,MATCH(P$27,'4. Reduktionsfaktorer, LENI-tal'!$H$24:$H$32,0),5), P$25='4. Reduktionsfaktorer, LENI-tal'!$S$12,INDEX('4. Reduktionsfaktorer, LENI-tal'!$H$33:$O$37,MATCH(P$27,'4. Reduktionsfaktorer, LENI-tal'!$H$33:$H$37,0),5), P$25='4. Reduktionsfaktorer, LENI-tal'!$T$12,INDEX('4. Reduktionsfaktorer, LENI-tal'!$H$38:$O$45,MATCH(P$27,'4. Reduktionsfaktorer, LENI-tal'!$H$38:$H$45,0),5)), "Fyll i byggnads- och rumstyp ovan")} -> Fyll i byggnads- och rumstyp ovan | ... R51: {=IFERROR(_xlfn.IFS(R$25='4. Reduktionsfaktorer, LENI-tal'!$Q$12,INDEX('4. Reduktionsfaktorer, LENI-tal'!$H$13:$O$23,MATCH(R$27,'4. Reduktionsfaktorer, LENI-tal'!$H$13:$H$23,0),5), R$25="SKOLA OCH RESTAURANG",INDEX('4. Reduktionsfaktorer, LENI-tal'!$H$24:$O$32,MATCH(R$27,'4. Reduktionsfaktorer, LENI-tal'!$H$24:$H$32,0),5), R$25='4. Reduktionsfaktorer, LENI-tal'!$S$12,INDEX('4. Reduktionsfaktorer, LENI-tal'!$H$33:$O$37,MATCH(R$27,'4. Reduktionsfaktorer, LENI-tal'!$H$33:$H$37,0),5), R$25='4. Reduktionsfaktorer, LENI-tal'!$T$12,INDEX('4. Reduktionsfaktorer, LENI-tal'!$H$38:$O$45,MATCH(R$27,'4. Reduktionsfaktorer, LENI-tal'!$H$38:$H$45,0),5)), "Fyll i byggnads- och rumstyp ovan")} -> Fyll i byggnads- och rumstyp ovan
B52: 2.9 | C52: Total reduktionsfaktor för styrning | I52: =IF(IF(I48=$I$238,I49,IF(I48=$I$239,I49*I50,IF(I48=$I$240,I49*I50*I51,1)))=0,"Fyll i 2.6-2.8",IF(I48=$I$238,I49,IF(I48=$I$239,I49*I50,IF(I48=$I$240,I49*I50*I51,1)))) -> 1 | J52: =IF(IF(J48=$I$238,J49,IF(J48=$I$239,J49*J50,IF(J48=$I$240,J49*J50*J51,1)))=0,"Fyll i 2.6-2.8",IF(J48=$I$238,J49,IF(J48=$I$239,J49*J50,IF(J48=$I$240,J49*J50*J51,1)))) -> 1 | K52: =IF(IF(K48=$I$238,K49,IF(K48=$I$239,K49*K50,IF(K48=$I$240,K49*K50*K51,1)))=0,"Fyll i 2.6-2.8",IF(K48=$I$238,K49,IF(K48=$I$239,K49*K50,IF(K48=$I$240,K49*K50*K51,1)))) -> 1 | L52: =IF(IF(L48=$I$238,L49,IF(L48=$I$239,L49*L50,IF(L48=$I$240,L49*L50*L51,1)))=0,"Fyll i 2.6-2.8",IF(L48=$I$238,L49,IF(L48=$I$239,L49*L50,IF(L48=$I$240,L49*L50*L51,1)))) -> 1 | M52: =IF(IF(M48=$I$238,M49,IF(M48=$I$239,M49*M50,IF(M48=$I$240,M49*M50*M51,1)))=0,"Fyll i 2.6-2.8",IF(M48=$I$238,M49,IF(M48=$I$239,M49*M50,IF(M48=$I$240,M49*M50*M51,1)))) -> 1 | N52: =IF(IF(N48=$I$238,N49,IF(N48=$I$239,N49*N50,IF(N48=$I$240,N49*N50*N51,1)))=0,"Fyll i 2.6-2.8",IF(N48=$I$238,N49,IF(N48=$I$239,N49*N50,IF(N48=$I$240,N49*N50*N51,1)))) -> 1 | O52: =IF(IF(O48=$I$238,O49,IF(O48=$I$239,O49*O50,IF(O48=$I$240,O49*O50*O51,1)))=0,"Fyll i 2.6-2.8",IF(O48=$I$238,O49,IF(O48=$I$239,O49*O50,IF(O48=$I$240,O49*O50*O51,1)))) -> 1 | P52: =IF(IF(P48=$I$238,P49,IF(P48=$I$239,P49*P50,IF(P48=$I$240,P49*P50*P51,1)))=0,"Fyll i 2.6-2.8",IF(P48=$I$238,P49,IF(P48=$I$239,P49*P50,IF(P48=$I$240,P49*P50*P51,1)))) -> 1 | ... R52: =IF(IF(R48=$I$238,R49,IF(R48=$I$239,R49*R50,IF(R48=$I$240,R49*R50*R51,1)))=0,"Fyll i 2.6-2.8",IF(R48=$I$238,R49,IF(R48=$I$239,R49*R50,IF(R48=$I$240,R49*R50*R51,1)))) -> 1
B53: 2.10 | C53: Underhållskostnader | H53: kr/år
C55: ARMATURTYP 3
B56: 2.1 | C56: Antal armaturer | H56: stk
B57: 2.2 | C57: Armaturpris | H57: kr/stk
B58: 2.3 | C58: Material- och arbetskostnader armatur | H58: kr/stk
B59: 2.4 | C59: Effekt per armatur, inkl. driftsförluster | H59: W/stk
B60: 2.5 | C60: Typ av styrning | I60: Ingen | J60: Ingen | K60: Ingen | L60: Ingen | M60: Ingen | N60: Ingen | O60: Ingen | P60: Ingen | Q60: Ingen | R60: Ingen
B61: 2.6 | C61: Reduktionsfaktor manuell styrning | I61: {=IFERROR(_xlfn.IFS(I$25='4. Reduktionsfaktorer, LENI-tal'!$Q$12,INDEX('4. Reduktionsfaktorer, LENI-tal'!$H$13:$O$23,MATCH(I$27,'4. Reduktionsfaktorer, LENI-tal'!$H$13:$H$23,0),3), I$25="SKOLA OCH RESTAURANG",INDEX('4. Reduktionsfaktorer, LENI-tal'!$H$24:$O$32,MATCH(I$27,'4. Reduktionsfaktorer, LENI-tal'!$H$24:$H$32,0),3), I$25='4. Reduktionsfaktorer, LENI-tal'!$S$12,INDEX('4. Reduktionsfaktorer, LENI-tal'!$H$33:$O$37,MATCH(I$27,'4. Reduktionsfaktorer, LENI-tal'!$H$33:$H$37,0),3), I$25='4. Reduktionsfaktorer, LENI-tal'!$T$12,INDEX('4. Reduktionsfaktorer, LENI-tal'!$H$38:$O$45,MATCH(I$27,'4. Reduktionsfaktorer, LENI-tal'!$H$38:$H$45,0),3)), "Fyll i byggnads- och rumstyp ovan")} -> Fyll i byggnads- och rumstyp ovan | J61: {=IFERROR(_xlfn.IFS(J$25='4. Reduktionsfaktorer, LENI-tal'!$Q$12,INDEX('4. Reduktionsfaktorer, LENI-tal'!$H$13:$O$23,MATCH(J$27,'4. Reduktionsfaktorer, LENI-tal'!$H$13:$H$23,0),3), J$25="SKOLA OCH RESTAURANG",INDEX('4. Reduktionsfaktorer, LENI-tal'!$H$24:$O$32,MATCH(J$27,'4. Reduktionsfaktorer, LENI-tal'!$H$24:$H$32,0),3), J$25='4. Reduktionsfaktorer, LENI-tal'!$S$12,INDEX('4. Reduktionsfaktorer, LENI-tal'!$H$33:$O$37,MATCH(J$27,'4. Reduktionsfaktorer, LENI-tal'!$H$33:$H$37,0),3), J$25='4. Reduktionsfaktorer, LENI-tal'!$T$12,INDEX('4. Reduktionsfaktorer, LENI-tal'!$H$38:$O$45,MATCH(J$27,'4. Reduktionsfaktorer, LENI-tal'!$H$38:$H$45,0),3)), "Fyll i byggnads- och rumstyp ovan")} -> Fyll i byggnads- och rumstyp ovan | K61: {=IFERROR(_xlfn.IFS(K$25='4. Reduktionsfaktorer, LENI-tal'!$Q$12,INDEX('4. Reduktionsfaktorer, LENI-tal'!$H$13:$O$23,MATCH(K$27,'4. Reduktionsfaktorer, LENI-tal'!$H$13:$H$23,0),3), K$25="SKOLA OCH RESTAURANG",INDEX('4. Reduktionsfaktorer, LENI-tal'!$H$24:$O$32,MATCH(K$27,'4. Reduktionsfaktorer, LENI-tal'!$H$24:$H$32,0),3), K$25='4. Reduktionsfaktorer, LENI-tal'!$S$12,INDEX('4. Reduktionsfaktorer, LENI-tal'!$H$33:$O$37,MATCH(K$27,'4. Reduktionsfaktorer, LENI-tal'!$H$33:$H$37,0),3), K$25='4. Reduktionsfaktorer, LENI-tal'!$T$12,INDEX('4. Reduktionsfaktorer, LENI-tal'!$H$38:$O$45,MATCH(K$27,'4. Reduktionsfaktorer, LENI-tal'!$H$38:$H$45,0),3)), "Fyll i byggnads- och rumstyp ovan")} -> Fyll i byggnads- och rumstyp ovan | L61: {=IFERROR(_xlfn.IFS(L$25='4. Reduktionsfaktorer, LENI-tal'!$Q$12,INDEX('4. Reduktionsfaktorer, LENI-tal'!$H$13:$O$23,MATCH(L$27,'4. Reduktionsfaktorer, LENI-tal'!$H$13:$H$23,0),3), L$25="SKOLA OCH RESTAURANG",INDEX('4. Reduktionsfaktorer, LENI-tal'!$H$24:$O$32,MATCH(L$27,'4. Reduktionsfaktorer, LENI-tal'!$H$24:$H$32,0),3), L$25='4. Reduktionsfaktorer, LENI-tal'!$S$12,INDEX('4. Reduktionsfaktorer, LENI-tal'!$H$33:$O$37,MATCH(L$27,'4. Reduktionsfaktorer, LENI-tal'!$H$33:$H$37,0),3), L$25='4. Reduktionsfaktorer, LENI-tal'!$T$12,INDEX('4. Reduktionsfaktorer, LENI-tal'!$H$38:$O$45,MATCH(L$27,'4. Reduktionsfaktorer, LENI-tal'!$H$38:$H$45,0),3)), "Fyll i byggnads- och rumstyp ovan")} -> Fyll i byggnads- och rumstyp ovan | M61: {=IFERROR(_xlfn.IFS(M$25='4. Reduktionsfaktorer, LENI-tal'!$Q$12,INDEX('4. Reduktionsfaktorer, LENI-tal'!$H$13:$O$23,MATCH(M$27,'4. Reduktionsfaktorer, LENI-tal'!$H$13:$H$23,0),3), M$25="SKOLA OCH RESTAURANG",INDEX('4. Reduktionsfaktorer, LENI-tal'!$H$24:$O$32,MATCH(M$27,'4. Reduktionsfaktorer, LENI-tal'!$H$24:$H$32,0),3), M$25='4. Reduktionsfaktorer, LENI-tal'!$S$12,INDEX('4. Reduktionsfaktorer, LENI-tal'!$H$33:$O$37,MATCH(M$27,'4. Reduktionsfaktorer, LENI-tal'!$H$33:$H$37,0),3), M$25='4. Reduktionsfaktorer, LENI-tal'!$T$12,INDEX('4. Reduktionsfaktorer, LENI-tal'!$H$38:$O$45,MATCH(M$27,'4. Reduktionsfaktorer, LENI-tal'!$H$38:$H$45,0),3)), "Fyll i byggnads- och rumstyp ovan")} -> Fyll i byggnads- och rumstyp ovan | N61: {=IFERROR(_xlfn.IFS(N$25='4. Reduktionsfaktorer, LENI-tal'!$Q$12,INDEX('4. Reduktionsfaktorer, LENI-tal'!$H$13:$O$23,MATCH(N$27,'4. Reduktionsfaktorer, LENI-tal'!$H$13:$H$23,0),3), N$25="SKOLA OCH RESTAURANG",INDEX('4. Reduktionsfaktorer, LENI-tal'!$H$24:$O$32,MATCH(N$27,'4. Reduktionsfaktorer, LENI-tal'!$H$24:$H$32,0),3), N$25='4. Reduktionsfaktorer, LENI-tal'!$S$12,INDEX('4. Reduktionsfaktorer, LENI-tal'!$H$33:$O$37,MATCH(N$27,'4. Reduktionsfaktorer, LENI-tal'!$H$33:$H$37,0),3), N$25='4. Reduktionsfaktorer, LENI-tal'!$T$12,INDEX('4. Reduktionsfaktorer, LENI-tal'!$H$38:$O$45,MATCH(N$27,'4. Reduktionsfaktorer, LENI-tal'!$H$38:$H$45,0),3)), "Fyll i byggnads- och rumstyp ovan")} -> Fyll i byggnads- och rumstyp ovan | O61: {=IFERROR(_xlfn.IFS(O$25='4. Reduktionsfaktorer, LENI-tal'!$Q$12,INDEX('4. Reduktionsfaktorer, LENI-tal'!$H$13:$O$23,MATCH(O$27,'4. Reduktionsfaktorer, LENI-tal'!$H$13:$H$23,0),3), O$25="SKOLA OCH RESTAURANG",INDEX('4. Reduktionsfaktorer, LENI-tal'!$H$24:$O$32,MATCH(O$27,'4. Reduktionsfaktorer, LENI-tal'!$H$24:$H$32,0),3), O$25='4. Reduktionsfaktorer, LENI-tal'!$S$12,INDEX('4. Reduktionsfaktorer, LENI-tal'!$H$33:$O$37,MATCH(O$27,'4. Reduktionsfaktorer, LENI-tal'!$H$33:$H$37,0),3), O$25='4. Reduktionsfaktorer, LENI-tal'!$T$12,INDEX('4. Reduktionsfaktorer, LENI-tal'!$H$38:$O$45,MATCH(O$27,'4. Reduktionsfaktorer, LENI-tal'!$H$38:$H$45,0),3)), "Fyll i byggnads- och rumstyp ovan")} -> Fyll i byggnads- och rumstyp ovan | P61: {=IFERROR(_xlfn.IFS(P$25='4. Reduktionsfaktorer, LENI-tal'!$Q$12,INDEX('4. Reduktionsfaktorer, LENI-tal'!$H$13:$O$23,MATCH(P$27,'4. Reduktionsfaktorer, LENI-tal'!$H$13:$H$23,0),3), P$25="SKOLA OCH RESTAURANG",INDEX('4. Reduktionsfaktorer, LENI-tal'!$H$24:$O$32,MATCH(P$27,'4. Reduktionsfaktorer, LENI-tal'!$H$24:$H$32,0),3), P$25='4. Reduktionsfaktorer, LENI-tal'!$S$12,INDEX('4. Reduktionsfaktorer, LENI-tal'!$H$33:$O$37,MATCH(P$27,'4. Reduktionsfaktorer, LENI-tal'!$H$33:$H$37,0),3), P$25='4. Reduktionsfaktorer, LENI-tal'!$T$12,INDEX('4. Reduktionsfaktorer, LENI-tal'!$H$38:$O$45,MATCH(P$27,'4. Reduktionsfaktorer, LENI-tal'!$H$38:$H$45,0),3)), "Fyll i byggnads- och rumstyp ovan")} -> Fyll i byggnads- och rumstyp ovan | ... R61: {=IFERROR(_xlfn.IFS(R$25='4. Reduktionsfaktorer, LENI-tal'!$Q$12,INDEX('4. Reduktionsfaktorer, LENI-tal'!$H$13:$O$23,MATCH(R$27,'4. Reduktionsfaktorer, LENI-tal'!$H$13:$H$23,0),3), R$25="SKOLA OCH RESTAURANG",INDEX('4. Reduktionsfaktorer, LENI-tal'!$H$24:$O$32,MATCH(R$27,'4. Reduktionsfaktorer, LENI-tal'!$H$24:$H$32,0),3), R$25='4. Reduktionsfaktorer, LENI-tal'!$S$12,INDEX('4. Reduktionsfaktorer, LENI-tal'!$H$33:$O$37,MATCH(R$27,'4. Reduktionsfaktorer, LENI-tal'!$H$33:$H$37,0),3), R$25='4. Reduktionsfaktorer, LENI-tal'!$T$12,INDEX('4. Reduktionsfaktorer, LENI-tal'!$H$38:$O$45,MATCH(R$27,'4. Reduktionsfaktorer, LENI-tal'!$H$38:$H$45,0),3)), "Fyll i byggnads- och rumstyp ovan")} -> Fyll i byggnads- och rumstyp ovan
B62: 2.7 | C62: Reduktionsfaktor närvaro-/frånvarostyrning | I62: {=IFERROR(_xlfn.IFS(I$25='4. Reduktionsfaktorer, LENI-tal'!$Q$12,INDEX('4. Reduktionsfaktorer, LENI-tal'!$H$13:$O$23,MATCH(I$27,'4. Reduktionsfaktorer, LENI-tal'!$H$13:$H$23,0),4), I$25="SKOLA OCH RESTAURANG",INDEX('4. Reduktionsfaktorer, LENI-tal'!$H$24:$O$32,MATCH(I$27,'4. Reduktionsfaktorer, LENI-tal'!$H$24:$H$32,0),4), I$25='4. Reduktionsfaktorer, LENI-tal'!$S$12,INDEX('4. Reduktionsfaktorer, LENI-tal'!$H$33:$O$37,MATCH(I$27,'4. Reduktionsfaktorer, LENI-tal'!$H$33:$H$37,0),4), I$25='4. Reduktionsfaktorer, LENI-tal'!$T$12,INDEX('4. Reduktionsfaktorer, LENI-tal'!$H$38:$O$45,MATCH(I$27,'4. Reduktionsfaktorer, LENI-tal'!$H$38:$H$45,0),4)), "Fyll i byggnads- och rumstyp ovan")} -> Fyll i byggnads- och rumstyp ovan | J62: {=IFERROR(_xlfn.IFS(J$25='4. Reduktionsfaktorer, LENI-tal'!$Q$12,INDEX('4. Reduktionsfaktorer, LENI-tal'!$H$13:$O$23,MATCH(J$27,'4. Reduktionsfaktorer, LENI-tal'!$H$13:$H$23,0),4), J$25="SKOLA OCH RESTAURANG",INDEX('4. Reduktionsfaktorer, LENI-tal'!$H$24:$O$32,MATCH(J$27,'4. Reduktionsfaktorer, LENI-tal'!$H$24:$H$32,0),4), J$25='4. Reduktionsfaktorer, LENI-tal'!$S$12,INDEX('4. Reduktionsfaktorer, LENI-tal'!$H$33:$O$37,MATCH(J$27,'4. Reduktionsfaktorer, LENI-tal'!$H$33:$H$37,0),4), J$25='4. Reduktionsfaktorer, LENI-tal'!$T$12,INDEX('4. Reduktionsfaktorer, LENI-tal'!$H$38:$O$45,MATCH(J$27,'4. Reduktionsfaktorer, LENI-tal'!$H$38:$H$45,0),4)), "Fyll i byggnads- och rumstyp ovan")} -> Fyll i byggnads- och rumstyp ovan | K62: {=IFERROR(_xlfn.IFS(K$25='4. Reduktionsfaktorer, LENI-tal'!$Q$12,INDEX('4. Reduktionsfaktorer, LENI-tal'!$H$13:$O$23,MATCH(K$27,'4. Reduktionsfaktorer, LENI-tal'!$H$13:$H$23,0),4), K$25="SKOLA OCH RESTAURANG",INDEX('4. Reduktionsfaktorer, LENI-tal'!$H$24:$O$32,MATCH(K$27,'4. Reduktionsfaktorer, LENI-tal'!$H$24:$H$32,0),4), K$25='4. Reduktionsfaktorer, LENI-tal'!$S$12,INDEX('4. Reduktionsfaktorer, LENI-tal'!$H$33:$O$37,MATCH(K$27,'4. Reduktionsfaktorer, LENI-tal'!$H$33:$H$37,0),4), K$25='4. Reduktionsfaktorer, LENI-tal'!$T$12,INDEX('4. Reduktionsfaktorer, LENI-tal'!$H$38:$O$45,MATCH(K$27,'4. Reduktionsfaktorer, LENI-tal'!$H$38:$H$45,0),4)), "Fyll i byggnads- och rumstyp ovan")} -> Fyll i byggnads- och rumstyp ovan | L62: {=IFERROR(_xlfn.IFS(L$25='4. Reduktionsfaktorer, LENI-tal'!$Q$12,INDEX('4. Reduktionsfaktorer, LENI-tal'!$H$13:$O$23,MATCH(L$27,'4. Reduktionsfaktorer, LENI-tal'!$H$13:$H$23,0),4), L$25="SKOLA OCH RESTAURANG",INDEX('4. Reduktionsfaktorer, LENI-tal'!$H$24:$O$32,MATCH(L$27,'4. Reduktionsfaktorer, LENI-tal'!$H$24:$H$32,0),4), L$25='4. Reduktionsfaktorer, LENI-tal'!$S$12,INDEX('4. Reduktionsfaktorer, LENI-tal'!$H$33:$O$37,MATCH(L$27,'4. Reduktionsfaktorer, LENI-tal'!$H$33:$H$37,0),4), L$25='4. Reduktionsfaktorer, LENI-tal'!$T$12,INDEX('4. Reduktionsfaktorer, LENI-tal'!$H$38:$O$45,MATCH(L$27,'4. Reduktionsfaktorer, LENI-tal'!$H$38:$H$45,0),4)), "Fyll i byggnads- och rumstyp ovan")} -> Fyll i byggnads- och rumstyp ovan | M62: {=IFERROR(_xlfn.IFS(M$25='4. Reduktionsfaktorer, LENI-tal'!$Q$12,INDEX('4. Reduktionsfaktorer, LENI-tal'!$H$13:$O$23,MATCH(M$27,'4. Reduktionsfaktorer, LENI-tal'!$H$13:$H$23,0),4), M$25="SKOLA OCH RESTAURANG",INDEX('4. Reduktionsfaktorer, LENI-tal'!$H$24:$O$32,MATCH(M$27,'4. Reduktionsfaktorer, LENI-tal'!$H$24:$H$32,0),4), M$25='4. Reduktionsfaktorer, LENI-tal'!$S$12,INDEX('4. Reduktionsfaktorer, LENI-tal'!$H$33:$O$37,MATCH(M$27,'4. Reduktionsfaktorer, LENI-tal'!$H$33:$H$37,0),4), M$25='4. Reduktionsfaktorer, LENI-tal'!$T$12,INDEX('4. Reduktionsfaktorer, LENI-tal'!$H$38:$O$45,MATCH(M$27,'4. Reduktionsfaktorer, LENI-tal'!$H$38:$H$45,0),4)), "Fyll i byggnads- och rumstyp ovan")} -> Fyll i byggnads- och rumstyp ovan | N62: {=IFERROR(_xlfn.IFS(N$25='4. Reduktionsfaktorer, LENI-tal'!$Q$12,INDEX('4. Reduktionsfaktorer, LENI-tal'!$H$13:$O$23,MATCH(N$27,'4. Reduktionsfaktorer, LENI-tal'!$H$13:$H$23,0),4), N$25="SKOLA OCH RESTAURANG",INDEX('4. Reduktionsfaktorer, LENI-tal'!$H$24:$O$32,MATCH(N$27,'4. Reduktionsfaktorer, LENI-tal'!$H$24:$H$32,0),4), N$25='4. Reduktionsfaktorer, LENI-tal'!$S$12,INDEX('4. Reduktionsfaktorer, LENI-tal'!$H$33:$O$37,MATCH(N$27,'4. Reduktionsfaktorer, LENI-tal'!$H$33:$H$37,0),4), N$25='4. Reduktionsfaktorer, LENI-tal'!$T$12,INDEX('4. Reduktionsfaktorer, LENI-tal'!$H$38:$O$45,MATCH(N$27,'4. Reduktionsfaktorer, LENI-tal'!$H$38:$H$45,0),4)), "Fyll i byggnads- och rumstyp ovan")} -> Fyll i byggnads- och rumstyp ovan | O62: {=IFERROR(_xlfn.IFS(O$25='4. Reduktionsfaktorer, LENI-tal'!$Q$12,INDEX('4. Reduktionsfaktorer, LENI-tal'!$H$13:$O$23,MATCH(O$27,'4. Reduktionsfaktorer, LENI-tal'!$H$13:$H$23,0),4), O$25="SKOLA OCH RESTAURANG",INDEX('4. Reduktionsfaktorer, LENI-tal'!$H$24:$O$32,MATCH(O$27,'4. Reduktionsfaktorer, LENI-tal'!$H$24:$H$32,0),4), O$25='4. Reduktionsfaktorer, LENI-tal'!$S$12,INDEX('4. Reduktionsfaktorer, LENI-tal'!$H$33:$O$37,MATCH(O$27,'4. Reduktionsfaktorer, LENI-tal'!$H$33:$H$37,0),4), O$25='4. Reduktionsfaktorer, LENI-tal'!$T$12,INDEX('4. Reduktionsfaktorer, LENI-tal'!$H$38:$O$45,MATCH(O$27,'4. Reduktionsfaktorer, LENI-tal'!$H$38:$H$45,0),4)), "Fyll i byggnads- och rumstyp ovan")} -> Fyll i byggnads- och rumstyp ovan | P62: {=IFERROR(_xlfn.IFS(P$25='4. Reduktionsfaktorer, LENI-tal'!$Q$12,INDEX('4. Reduktionsfaktorer, LENI-tal'!$H$13:$O$23,MATCH(P$27,'4. Reduktionsfaktorer, LENI-tal'!$H$13:$H$23,0),4), P$25="SKOLA OCH RESTAURANG",INDEX('4. Reduktionsfaktorer, LENI-tal'!$H$24:$O$32,MATCH(P$27,'4. Reduktionsfaktorer, LENI-tal'!$H$24:$H$32,0),4), P$25='4. Reduktionsfaktorer, LENI-tal'!$S$12,INDEX('4. Reduktionsfaktorer, LENI-tal'!$H$33:$O$37,MATCH(P$27,'4. Reduktionsfaktorer, LENI-tal'!$H$33:$H$37,0),4), P$25='4. Reduktionsfaktorer, LENI-tal'!$T$12,INDEX('4. Reduktionsfaktorer, LENI-tal'!$H$38:$O$45,MATCH(P$27,'4. Reduktionsfaktorer, LENI-tal'!$H$38:$H$45,0),4)), "Fyll i byggnads- och rumstyp ovan")} -> Fyll i byggnads- och rumstyp ovan | ... R62: {=IFERROR(_xlfn.IFS(R$25='4. Reduktionsfaktorer, LENI-tal'!$Q$12,INDEX('4. Reduktionsfaktorer, LENI-tal'!$H$13:$O$23,MATCH(R$27,'4. Reduktionsfaktorer, LENI-tal'!$H$13:$H$23,0),4), R$25="SKOLA OCH RESTAURANG",INDEX('4. Reduktionsfaktorer, LENI-tal'!$H$24:$O$32,MATCH(R$27,'4. Reduktionsfaktorer, LENI-tal'!$H$24:$H$32,0),4), R$25='4. Reduktionsfaktorer, LENI-tal'!$S$12,INDEX('4. Reduktionsfaktorer, LENI-tal'!$H$33:$O$37,MATCH(R$27,'4. Reduktionsfaktorer, LENI-tal'!$H$33:$H$37,0),4), R$25='4. Reduktionsfaktorer, LENI-tal'!$T$12,INDEX('4. Reduktionsfaktorer, LENI-tal'!$H$38:$O$45,MATCH(R$27,'4. Reduktionsfaktorer, LENI-tal'!$H$38:$H$45,0),4)), "Fyll i byggnads- och rumstyp ovan")} -> Fyll i byggnads- och rumstyp ovan
B63: 2.8 | C63: Reduktionsfaktor dagsljusstyrning | I63: {=IFERROR(_xlfn.IFS(I$25='4. Reduktionsfaktorer, LENI-tal'!$Q$12,INDEX('4. Reduktionsfaktorer, LENI-tal'!$H$13:$O$23,MATCH(I$27,'4. Reduktionsfaktorer, LENI-tal'!$H$13:$H$23,0),5), I$25="SKOLA OCH RESTAURANG",INDEX('4. Reduktionsfaktorer, LENI-tal'!$H$24:$O$32,MATCH(I$27,'4. Reduktionsfaktorer, LENI-tal'!$H$24:$H$32,0),5), I$25='4. Reduktionsfaktorer, LENI-tal'!$S$12,INDEX('4. Reduktionsfaktorer, LENI-tal'!$H$33:$O$37,MATCH(I$27,'4. Reduktionsfaktorer, LENI-tal'!$H$33:$H$37,0),5), I$25='4. Reduktionsfaktorer, LENI-tal'!$T$12,INDEX('4. Reduktionsfaktorer, LENI-tal'!$H$38:$O$45,MATCH(I$27,'4. Reduktionsfaktorer, LENI-tal'!$H$38:$H$45,0),5)), "Fyll i byggnads- och rumstyp ovan")} -> Fyll i byggnads- och rumstyp ovan | J63: {=IFERROR(_xlfn.IFS(J$25='4. Reduktionsfaktorer, LENI-tal'!$Q$12,INDEX('4. Reduktionsfaktorer, LENI-tal'!$H$13:$O$23,MATCH(J$27,'4. Reduktionsfaktorer, LENI-tal'!$H$13:$H$23,0),5), J$25="SKOLA OCH RESTAURANG",INDEX('4. Reduktionsfaktorer, LENI-tal'!$H$24:$O$32,MATCH(J$27,'4. Reduktionsfaktorer, LENI-tal'!$H$24:$H$32,0),5), J$25='4. Reduktionsfaktorer, LENI-tal'!$S$12,INDEX('4. Reduktionsfaktorer, LENI-tal'!$H$33:$O$37,MATCH(J$27,'4. Reduktionsfaktorer, LENI-tal'!$H$33:$H$37,0),5), J$25='4. Reduktionsfaktorer, LENI-tal'!$T$12,INDEX('4. Reduktionsfaktorer, LENI-tal'!$H$38:$O$45,MATCH(J$27,'4. Reduktionsfaktorer, LENI-tal'!$H$38:$H$45,0),5)), "Fyll i byggnads- och rumstyp ovan")} -> Fyll i byggnads- och rumstyp ovan | K63: {=IFERROR(_xlfn.IFS(K$25='4. Reduktionsfaktorer, LENI-tal'!$Q$12,INDEX('4. Reduktionsfaktorer, LENI-tal'!$H$13:$O$23,MATCH(K$27,'4. Reduktionsfaktorer, LENI-tal'!$H$13:$H$23,0),5), K$25="SKOLA OCH RESTAURANG",INDEX('4. Reduktionsfaktorer, LENI-tal'!$H$24:$O$32,MATCH(K$27,'4. Reduktionsfaktorer, LENI-tal'!$H$24:$H$32,0),5), K$25='4. Reduktionsfaktorer, LENI-tal'!$S$12,INDEX('4. Reduktionsfaktorer, LENI-tal'!$H$33:$O$37,MATCH(K$27,'4. Reduktionsfaktorer, LENI-tal'!$H$33:$H$37,0),5), K$25='4. Reduktionsfaktorer, LENI-tal'!$T$12,INDEX('4. Reduktionsfaktorer, LENI-tal'!$H$38:$O$45,MATCH(K$27,'4. Reduktionsfaktorer, LENI-tal'!$H$38:$H$45,0),5)), "Fyll i byggnads- och rumstyp ovan")} -> Fyll i byggnads- och rumstyp ovan | L63: {=IFERROR(_xlfn.IFS(L$25='4. Reduktionsfaktorer, LENI-tal'!$Q$12,INDEX('4. Reduktionsfaktorer, LENI-tal'!$H$13:$O$23,MATCH(L$27,'4. Reduktionsfaktorer, LENI-tal'!$H$13:$H$23,0),5), L$25="SKOLA OCH RESTAURANG",INDEX('4. Reduktionsfaktorer, LENI-tal'!$H$24:$O$32,MATCH(L$27,'4. Reduktionsfaktorer, LENI-tal'!$H$24:$H$32,0),5), L$25='4. Reduktionsfaktorer, LENI-tal'!$S$12,INDEX('4. Reduktionsfaktorer, LENI-tal'!$H$33:$O$37,MATCH(L$27,'4. Reduktionsfaktorer, LENI-tal'!$H$33:$H$37,0),5), L$25='4. Reduktionsfaktorer, LENI-tal'!$T$12,INDEX('4. Reduktionsfaktorer, LENI-tal'!$H$38:$O$45,MATCH(L$27,'4. Reduktionsfaktorer, LENI-tal'!$H$38:$H$45,0),5)), "Fyll i byggnads- och rumstyp ovan")} -> Fyll i byggnads- och rumstyp ovan | M63: {=IFERROR(_xlfn.IFS(M$25='4. Reduktionsfaktorer, LENI-tal'!$Q$12,INDEX('4. Reduktionsfaktorer, LENI-tal'!$H$13:$O$23,MATCH(M$27,'4. Reduktionsfaktorer, LENI-tal'!$H$13:$H$23,0),5), M$25="SKOLA OCH RESTAURANG",INDEX('4. Reduktionsfaktorer, LENI-tal'!$H$24:$O$32,MATCH(M$27,'4. Reduktionsfaktorer, LENI-tal'!$H$24:$H$32,0),5), M$25='4. Reduktionsfaktorer, LENI-tal'!$S$12,INDEX('4. Reduktionsfaktorer, LENI-tal'!$H$33:$O$37,MATCH(M$27,'4. Reduktionsfaktorer, LENI-tal'!$H$33:$H$37,0),5), M$25='4. Reduktionsfaktorer, LENI-tal'!$T$12,INDEX('4. Reduktionsfaktorer, LENI-tal'!$H$38:$O$45,MATCH(M$27,'4. Reduktionsfaktorer, LENI-tal'!$H$38:$H$45,0),5)), "Fyll i byggnads- och rumstyp ovan")} -> Fyll i byggnads- och rumstyp ovan | N63: {=IFERROR(_xlfn.IFS(N$25='4. Reduktionsfaktorer, LENI-tal'!$Q$12,INDEX('4. Reduktionsfaktorer, LENI-tal'!$H$13:$O$23,MATCH(N$27,'4. Reduktionsfaktorer, LENI-tal'!$H$13:$H$23,0),5), N$25="SKOLA OCH RESTAURANG",INDEX('4. Reduktionsfaktorer, LENI-tal'!$H$24:$O$32,MATCH(N$27,'4. Reduktionsfaktorer, LENI-tal'!$H$24:$H$32,0),5), N$25='4. Reduktionsfaktorer, LENI-tal'!$S$12,INDEX('4. Reduktionsfaktorer, LENI-tal'!$H$33:$O$37,MATCH(N$27,'4. Reduktionsfaktorer, LENI-tal'!$H$33:$H$37,0),5), N$25='4. Reduktionsfaktorer, LENI-tal'!$T$12,INDEX('4. Reduktionsfaktorer, LENI-tal'!$H$38:$O$45,MATCH(N$27,'4. Reduktionsfaktorer, LENI-tal'!$H$38:$H$45,0),5)), "Fyll i byggnads- och rumstyp ovan")} -> Fyll i byggnads- och rumstyp ovan | O63: {=IFERROR(_xlfn.IFS(O$25='4. Reduktionsfaktorer, LENI-tal'!$Q$12,INDEX('4. Reduktionsfaktorer, LENI-tal'!$H$13:$O$23,MATCH(O$27,'4. Reduktionsfaktorer, LENI-tal'!$H$13:$H$23,0),5), O$25="SKOLA OCH RESTAURANG",INDEX('4. Reduktionsfaktorer, LENI-tal'!$H$24:$O$32,MATCH(O$27,'4. Reduktionsfaktorer, LENI-tal'!$H$24:$H$32,0),5), O$25='4. Reduktionsfaktorer, LENI-tal'!$S$12,INDEX('4. Reduktionsfaktorer, LENI-tal'!$H$33:$O$37,MATCH(O$27,'4. Reduktionsfaktorer, LENI-tal'!$H$33:$H$37,0),5), O$25='4. Reduktionsfaktorer, LENI-tal'!$T$12,INDEX('4. Reduktionsfaktorer, LENI-tal'!$H$38:$O$45,MATCH(O$27,'4. Reduktionsfaktorer, LENI-tal'!$H$38:$H$45,0),5)), "Fyll i byggnads- och rumstyp ovan")} -> Fyll i byggnads- och rumstyp ovan | P63: {=IFERROR(_xlfn.IFS(P$25='4. Reduktionsfaktorer, LENI-tal'!$Q$12,INDEX('4. Reduktionsfaktorer, LENI-tal'!$H$13:$O$23,MATCH(P$27,'4. Reduktionsfaktorer, LENI-tal'!$H$13:$H$23,0),5), P$25="SKOLA OCH RESTAURANG",INDEX('4. Reduktionsfaktorer, LENI-tal'!$H$24:$O$32,MATCH(P$27,'4. Reduktionsfaktorer, LENI-tal'!$H$24:$H$32,0),5), P$25='4. Reduktionsfaktorer, LENI-tal'!$S$12,INDEX('4. Reduktionsfaktorer, LENI-tal'!$H$33:$O$37,MATCH(P$27,'4. Reduktionsfaktorer, LENI-tal'!$H$33:$H$37,0),5), P$25='4. Reduktionsfaktorer, LENI-tal'!$T$12,INDEX('4. Reduktionsfaktorer, LENI-tal'!$H$38:$O$45,MATCH(P$27,'4. Reduktionsfaktorer, LENI-tal'!$H$38:$H$45,0),5)), "Fyll i byggnads- och rumstyp ovan")} -> Fyll i byggnads- och rumstyp ovan | ... R63: {=IFERROR(_xlfn.IFS(R$25='4. Reduktionsfaktorer, LENI-tal'!$Q$12,INDEX('4. Reduktionsfaktorer, LENI-tal'!$H$13:$O$23,MATCH(R$27,'4. Reduktionsfaktorer, LENI-tal'!$H$13:$H$23,0),5), R$25="SKOLA OCH RESTAURANG",INDEX('4. Reduktionsfaktorer, LENI-tal'!$H$24:$O$32,MATCH(R$27,'4. Reduktionsfaktorer, LENI-tal'!$H$24:$H$32,0),5), R$25='4. Reduktionsfaktorer, LENI-tal'!$S$12,INDEX('4. Reduktionsfaktorer, LENI-tal'!$H$33:$O$37,MATCH(R$27,'4. Reduktionsfaktorer, LENI-tal'!$H$33:$H$37,0),5), R$25='4. Reduktionsfaktorer, LENI-tal'!$T$12,INDEX('4. Reduktionsfaktorer, LENI-tal'!$H$38:$O$45,MATCH(R$27,'4. Reduktionsfaktorer, LENI-tal'!$H$38:$H$45,0),5)), "Fyll i byggnads- och rumstyp ovan")} -> Fyll i byggnads- och rumstyp ovan
B64: 2.9 | C64: Total reduktionsfaktor för styrning | I64: =IF(IF(I60=$I$238,I61,IF(I60=$I$239,I61*I62,IF(I60=$I$240,I61*I62*I63,1)))=0,"Fyll i 2.6-2.8",IF(I60=$I$238,I61,IF(I60=$I$239,I61*I62,IF(I60=$I$240,I61*I62*I63,1)))) -> 1 | J64: =IF(IF(J60=$I$238,J61,IF(J60=$I$239,J61*J62,IF(J60=$I$240,J61*J62*J63,1)))=0,"Fyll i 2.6-2.8",IF(J60=$I$238,J61,IF(J60=$I$239,J61*J62,IF(J60=$I$240,J61*J62*J63,1)))) -> 1 | K64: =IF(IF(K60=$I$238,K61,IF(K60=$I$239,K61*K62,IF(K60=$I$240,K61*K62*K63,1)))=0,"Fyll i 2.6-2.8",IF(K60=$I$238,K61,IF(K60=$I$239,K61*K62,IF(K60=$I$240,K61*K62*K63,1)))) -> 1 | L64: =IF(IF(L60=$I$238,L61,IF(L60=$I$239,L61*L62,IF(L60=$I$240,L61*L62*L63,1)))=0,"Fyll i 2.6-2.8",IF(L60=$I$238,L61,IF(L60=$I$239,L61*L62,IF(L60=$I$240,L61*L62*L63,1)))) -> 1 | M64: =IF(IF(M60=$I$238,M61,IF(M60=$I$239,M61*M62,IF(M60=$I$240,M61*M62*M63,1)))=0,"Fyll i 2.6-2.8",IF(M60=$I$238,M61,IF(M60=$I$239,M61*M62,IF(M60=$I$240,M61*M62*M63,1)))) -> 1 | N64: =IF(IF(N60=$I$238,N61,IF(N60=$I$239,N61*N62,IF(N60=$I$240,N61*N62*N63,1)))=0,"Fyll i 2.6-2.8",IF(N60=$I$238,N61,IF(N60=$I$239,N61*N62,IF(N60=$I$240,N61*N62*N63,1)))) -> 1 | O64: =IF(IF(O60=$I$238,O61,IF(O60=$I$239,O61*O62,IF(O60=$I$240,O61*O62*O63,1)))=0,"Fyll i 2.6-2.8",IF(O60=$I$238,O61,IF(O60=$I$239,O61*O62,IF(O60=$I$240,O61*O62*O63,1)))) -> 1 | P64: =IF(IF(P60=$I$238,P61,IF(P60=$I$239,P61*P62,IF(P60=$I$240,P61*P62*P63,1)))=0,"Fyll i 2.6-2.8",IF(P60=$I$238,P61,IF(P60=$I$239,P61*P62,IF(P60=$I$240,P61*P62*P63,1)))) -> 1 | ... R64: =IF(IF(R60=$I$238,R61,IF(R60=$I$239,R61*R62,IF(R60=$I$240,R61*R62*R63,1)))=0,"Fyll i 2.6-2.8",IF(R60=$I$238,R61,IF(R60=$I$239,R61*R62,IF(R60=$I$240,R61*R62*R63,1)))) -> 1
B65: 2.10 | C65: Underhållskostnader | H65: kr/år
C67: ARMATURTYP 4
B68: 2.1 | C68: Antal armaturer | H68: stk
B69: 2.2 | C69: Armaturpris | H69: kr/stk
B70: 2.3 | C70: Material- och arbetskostnader armatur | H70: kr/stk
B71: 2.4 | C71: Effekt per armatur, inkl. driftsförluster | H71: W/stk
B72: 2.5 | C72: Typ av styrning | I72: Ingen | J72: Ingen | K72: Ingen | L72: Ingen | M72: Ingen | N72: Ingen | O72: Ingen | P72: Ingen | Q72: Ingen | R72: Ingen
B73: 2.6 | C73: Reduktionsfaktor manuell styrning | I73: {=IFERROR(_xlfn.IFS(I$25='4. Reduktionsfaktorer, LENI-tal'!$Q$12,INDEX('4. Reduktionsfaktorer, LENI-tal'!$H$13:$O$23,MATCH(I$27,'4. Reduktionsfaktorer, LENI-tal'!$H$13:$H$23,0),3), I$25="SKOLA OCH RESTAURANG",INDEX('4. Reduktionsfaktorer, LENI-tal'!$H$24:$O$32,MATCH(I$27,'4. Reduktionsfaktorer, LENI-tal'!$H$24:$H$32,0),3), I$25='4. Reduktionsfaktorer, LENI-tal'!$S$12,INDEX('4. Reduktionsfaktorer, LENI-tal'!$H$33:$O$37,MATCH(I$27,'4. Reduktionsfaktorer, LENI-tal'!$H$33:$H$37,0),3), I$25='4. Reduktionsfaktorer, LENI-tal'!$T$12,INDEX('4. Reduktionsfaktorer, LENI-tal'!$H$38:$O$45,MATCH(I$27,'4. Reduktionsfaktorer, LENI-tal'!$H$38:$H$45,0),3)), "Fyll i byggnads- och rumstyp ovan")} -> Fyll i byggnads- och rumstyp ovan | J73: {=IFERROR(_xlfn.IFS(J$25='4. Reduktionsfaktorer, LENI-tal'!$Q$12,INDEX('4. Reduktionsfaktorer, LENI-tal'!$H$13:$O$23,MATCH(J$27,'4. Reduktionsfaktorer, LENI-tal'!$H$13:$H$23,0),3), J$25="SKOLA OCH RESTAURANG",INDEX('4. Reduktionsfaktorer, LENI-tal'!$H$24:$O$32,MATCH(J$27,'4. Reduktionsfaktorer, LENI-tal'!$H$24:$H$32,0),3), J$25='4. Reduktionsfaktorer, LENI-tal'!$S$12,INDEX('4. Reduktionsfaktorer, LENI-tal'!$H$33:$O$37,MATCH(J$27,'4. Reduktionsfaktorer, LENI-tal'!$H$33:$H$37,0),3), J$25='4. Reduktionsfaktorer, LENI-tal'!$T$12,INDEX('4. Reduktionsfaktorer, LENI-tal'!$H$38:$O$45,MATCH(J$27,'4. Reduktionsfaktorer, LENI-tal'!$H$38:$H$45,0),3)), "Fyll i byggnads- och rumstyp ovan")} -> Fyll i byggnads- och rumstyp ovan | K73: {=IFERROR(_xlfn.IFS(K$25='4. Reduktionsfaktorer, LENI-tal'!$Q$12,INDEX('4. Reduktionsfaktorer, LENI-tal'!$H$13:$O$23,MATCH(K$27,'4. Reduktionsfaktorer, LENI-tal'!$H$13:$H$23,0),3), K$25="SKOLA OCH RESTAURANG",INDEX('4. Reduktionsfaktorer, LENI-tal'!$H$24:$O$32,MATCH(K$27,'4. Reduktionsfaktorer, LENI-tal'!$H$24:$H$32,0),3), K$25='4. Reduktionsfaktorer, LENI-tal'!$S$12,INDEX('4. Reduktionsfaktorer, LENI-tal'!$H$33:$O$37,MATCH(K$27,'4. Reduktionsfaktorer, LENI-tal'!$H$33:$H$37,0),3), K$25='4. Reduktionsfaktorer, LENI-tal'!$T$12,INDEX('4. Reduktionsfaktorer, LENI-tal'!$H$38:$O$45,MATCH(K$27,'4. Reduktionsfaktorer, LENI-tal'!$H$38:$H$45,0),3)), "Fyll i byggnads- och rumstyp ovan")} -> Fyll i byggnads- och rumstyp ovan | L73: {=IFERROR(_xlfn.IFS(L$25='4. Reduktionsfaktorer, LENI-tal'!$Q$12,INDEX('4. Reduktionsfaktorer, LENI-tal'!$H$13:$O$23,MATCH(L$27,'4. Reduktionsfaktorer, LENI-tal'!$H$13:$H$23,0),3), L$25="SKOLA OCH RESTAURANG",INDEX('4. Reduktionsfaktorer, LENI-tal'!$H$24:$O$32,MATCH(L$27,'4. Reduktionsfaktorer, LENI-tal'!$H$24:$H$32,0),3), L$25='4. Reduktionsfaktorer, LENI-tal'!$S$12,INDEX('4. Reduktionsfaktorer, LENI-tal'!$H$33:$O$37,MATCH(L$27,'4. Reduktionsfaktorer, LENI-tal'!$H$33:$H$37,0),3), L$25='4. Reduktionsfaktorer, LENI-tal'!$T$12,INDEX('4. Reduktionsfaktorer, LENI-tal'!$H$38:$O$45,MATCH(L$27,'4. Reduktionsfaktorer, LENI-tal'!$H$38:$H$45,0),3)), "Fyll i byggnads- och rumstyp ovan")} -> Fyll i byggnads- och rumstyp ovan | M73: {=IFERROR(_xlfn.IFS(M$25='4. Reduktionsfaktorer, LENI-tal'!$Q$12,INDEX('4. Reduktionsfaktorer, LENI-tal'!$H$13:$O$23,MATCH(M$27,'4. Reduktionsfaktorer, LENI-tal'!$H$13:$H$23,0),3), M$25="SKOLA OCH RESTAURANG",INDEX('4. Reduktionsfaktorer, LENI-tal'!$H$24:$O$32,MATCH(M$27,'4. Reduktionsfaktorer, LENI-tal'!$H$24:$H$32,0),3), M$25='4. Reduktionsfaktorer, LENI-tal'!$S$12,INDEX('4. Reduktionsfaktorer, LENI-tal'!$H$33:$O$37,MATCH(M$27,'4. Reduktionsfaktorer, LENI-tal'!$H$33:$H$37,0),3), M$25='4. Reduktionsfaktorer, LENI-tal'!$T$12,INDEX('4. Reduktionsfaktorer, LENI-tal'!$H$38:$O$45,MATCH(M$27,'4. Reduktionsfaktorer, LENI-tal'!$H$38:$H$45,0),3)), "Fyll i byggnads- och rumstyp ovan")} -> Fyll i byggnads- och rumstyp ovan | N73: {=IFERROR(_xlfn.IFS(N$25='4. Reduktionsfaktorer, LENI-tal'!$Q$12,INDEX('4. Reduktionsfaktorer, LENI-tal'!$H$13:$O$23,MATCH(N$27,'4. Reduktionsfaktorer, LENI-tal'!$H$13:$H$23,0),3), N$25="SKOLA OCH RESTAURANG",INDEX('4. Reduktionsfaktorer, LENI-tal'!$H$24:$O$32,MATCH(N$27,'4. Reduktionsfaktorer, LENI-tal'!$H$24:$H$32,0),3), N$25='4. Reduktionsfaktorer, LENI-tal'!$S$12,INDEX('4. Reduktionsfaktorer, LENI-tal'!$H$33:$O$37,MATCH(N$27,'4. Reduktionsfaktorer, LENI-tal'!$H$33:$H$37,0),3), N$25='4. Reduktionsfaktorer, LENI-tal'!$T$12,INDEX('4. Reduktionsfaktorer, LENI-tal'!$H$38:$O$45,MATCH(N$27,'4. Reduktionsfaktorer, LENI-tal'!$H$38:$H$45,0),3)), "Fyll i byggnads- och rumstyp ovan")} -> Fyll i byggnads- och rumstyp ovan | O73: {=IFERROR(_xlfn.IFS(O$25='4. Reduktionsfaktorer, LENI-tal'!$Q$12,INDEX('4. Reduktionsfaktorer, LENI-tal'!$H$13:$O$23,MATCH(O$27,'4. Reduktionsfaktorer, LENI-tal'!$H$13:$H$23,0),3), O$25="SKOLA OCH RESTAURANG",INDEX('4. Reduktionsfaktorer, LENI-tal'!$H$24:$O$32,MATCH(O$27,'4. Reduktionsfaktorer, LENI-tal'!$H$24:$H$32,0),3), O$25='4. Reduktionsfaktorer, LENI-tal'!$S$12,INDEX('4. Reduktionsfaktorer, LENI-tal'!$H$33:$O$37,MATCH(O$27,'4. Reduktionsfaktorer, LENI-tal'!$H$33:$H$37,0),3), O$25='4. Reduktionsfaktorer, LENI-tal'!$T$12,INDEX('4. Reduktionsfaktorer, LENI-tal'!$H$38:$O$45,MATCH(O$27,'4. Reduktionsfaktorer, LENI-tal'!$H$38:$H$45,0),3)), "Fyll i byggnads- och rumstyp ovan")} -> Fyll i byggnads- och rumstyp ovan | P73: {=IFERROR(_xlfn.IFS(P$25='4. Reduktionsfaktorer, LENI-tal'!$Q$12,INDEX('4. Reduktionsfaktorer, LENI-tal'!$H$13:$O$23,MATCH(P$27,'4. Reduktionsfaktorer, LENI-tal'!$H$13:$H$23,0),3), P$25="SKOLA OCH RESTAURANG",INDEX('4. Reduktionsfaktorer, LENI-tal'!$H$24:$O$32,MATCH(P$27,'4. Reduktionsfaktorer, LENI-tal'!$H$24:$H$32,0),3), P$25='4. Reduktionsfaktorer, LENI-tal'!$S$12,INDEX('4. Reduktionsfaktorer, LENI-tal'!$H$33:$O$37,MATCH(P$27,'4. Reduktionsfaktorer, LENI-tal'!$H$33:$H$37,0),3), P$25='4. Reduktionsfaktorer, LENI-tal'!$T$12,INDEX('4. Reduktionsfaktorer, LENI-tal'!$H$38:$O$45,MATCH(P$27,'4. Reduktionsfaktorer, LENI-tal'!$H$38:$H$45,0),3)), "Fyll i byggnads- och rumstyp ovan")} -> Fyll i byggnads- och rumstyp ovan | ... R73: {=IFERROR(_xlfn.IFS(R$25='4. Reduktionsfaktorer, LENI-tal'!$Q$12,INDEX('4. Reduktionsfaktorer, LENI-tal'!$H$13:$O$23,MATCH(R$27,'4. Reduktionsfaktorer, LENI-tal'!$H$13:$H$23,0),3), R$25="SKOLA OCH RESTAURANG",INDEX('4. Reduktionsfaktorer, LENI-tal'!$H$24:$O$32,MATCH(R$27,'4. Reduktionsfaktorer, LENI-tal'!$H$24:$H$32,0),3), R$25='4. Reduktionsfaktorer, LENI-tal'!$S$12,INDEX('4. Reduktionsfaktorer, LENI-tal'!$H$33:$O$37,MATCH(R$27,'4. Reduktionsfaktorer, LENI-tal'!$H$33:$H$37,0),3), R$25='4. Reduktionsfaktorer, LENI-tal'!$T$12,INDEX('4. Reduktionsfaktorer, LENI-tal'!$H$38:$O$45,MATCH(R$27,'4. Reduktionsfaktorer, LENI-tal'!$H$38:$H$45,0),3)), "Fyll i byggnads- och rumstyp ovan")} -> Fyll i byggnads- och rumstyp ovan
B74: 2.7 | C74: Reduktionsfaktor närvaro-/frånvarostyrning | I74: {=IFERROR(_xlfn.IFS(I$25='4. Reduktionsfaktorer, LENI-tal'!$Q$12,INDEX('4. Reduktionsfaktorer, LENI-tal'!$H$13:$O$23,MATCH(I$27,'4. Reduktionsfaktorer, LENI-tal'!$H$13:$H$23,0),4), I$25="SKOLA OCH RESTAURANG",INDEX('4. Reduktionsfaktorer, LENI-tal'!$H$24:$O$32,MATCH(I$27,'4. Reduktionsfaktorer, LENI-tal'!$H$24:$H$32,0),4), I$25='4. Reduktionsfaktorer, LENI-tal'!$S$12,INDEX('4. Reduktionsfaktorer, LENI-tal'!$H$33:$O$37,MATCH(I$27,'4. Reduktionsfaktorer, LENI-tal'!$H$33:$H$37,0),4), I$25='4. Reduktionsfaktorer, LENI-tal'!$T$12,INDEX('4. Reduktionsfaktorer, LENI-tal'!$H$38:$O$45,MATCH(I$27,'4. Reduktionsfaktorer, LENI-tal'!$H$38:$H$45,0),4)), "Fyll i byggnads- och rumstyp ovan")} -> Fyll i byggnads- och rumstyp ovan | J74: {=IFERROR(_xlfn.IFS(J$25='4. Reduktionsfaktorer, LENI-tal'!$Q$12,INDEX('4. Reduktionsfaktorer, LENI-tal'!$H$13:$O$23,MATCH(J$27,'4. Reduktionsfaktorer, LENI-tal'!$H$13:$H$23,0),4), J$25="SKOLA OCH RESTAURANG",INDEX('4. Reduktionsfaktorer, LENI-tal'!$H$24:$O$32,MATCH(J$27,'4. Reduktionsfaktorer, LENI-tal'!$H$24:$H$32,0),4), J$25='4. Reduktionsfaktorer, LENI-tal'!$S$12,INDEX('4. Reduktionsfaktorer, LENI-tal'!$H$33:$O$37,MATCH(J$27,'4. Reduktionsfaktorer, LENI-tal'!$H$33:$H$37,0),4), J$25='4. Reduktionsfaktorer, LENI-tal'!$T$12,INDEX('4. Reduktionsfaktorer, LENI-tal'!$H$38:$O$45,MATCH(J$27,'4. Reduktionsfaktorer, LENI-tal'!$H$38:$H$45,0),4)), "Fyll i byggnads- och rumstyp ovan")} -> Fyll i byggnads- och rumstyp ovan | K74: {=IFERROR(_xlfn.IFS(K$25='4. Reduktionsfaktorer, LENI-tal'!$Q$12,INDEX('4. Reduktionsfaktorer, LENI-tal'!$H$13:$O$23,MATCH(K$27,'4. Reduktionsfaktorer, LENI-tal'!$H$13:$H$23,0),4), K$25="SKOLA OCH RESTAURANG",INDEX('4. Reduktionsfaktorer, LENI-tal'!$H$24:$O$32,MATCH(K$27,'4. Reduktionsfaktorer, LENI-tal'!$H$24:$H$32,0),4), K$25='4. Reduktionsfaktorer, LENI-tal'!$S$12,INDEX('4. Reduktionsfaktorer, LENI-tal'!$H$33:$O$37,MATCH(K$27,'4. Reduktionsfaktorer, LENI-tal'!$H$33:$H$37,0),4), K$25='4. Reduktionsfaktorer, LENI-tal'!$T$12,INDEX('4. Reduktionsfaktorer, LENI-tal'!$H$38:$O$45,MATCH(K$27,'4. Reduktionsfaktorer, LENI-tal'!$H$38:$H$45,0),4)), "Fyll i byggnads- och rumstyp ovan")} -> Fyll i byggnads- och rumstyp ovan | L74: {=IFERROR(_xlfn.IFS(L$25='4. Reduktionsfaktorer, LENI-tal'!$Q$12,INDEX('4. Reduktionsfaktorer, LENI-tal'!$H$13:$O$23,MATCH(L$27,'4. Reduktionsfaktorer, LENI-tal'!$H$13:$H$23,0),4), L$25="SKOLA OCH RESTAURANG",INDEX('4. Reduktionsfaktorer, LENI-tal'!$H$24:$O$32,MATCH(L$27,'4. Reduktionsfaktorer, LENI-tal'!$H$24:$H$32,0),4), L$25='4. Reduktionsfaktorer, LENI-tal'!$S$12,INDEX('4. Reduktionsfaktorer, LENI-tal'!$H$33:$O$37,MATCH(L$27,'4. Reduktionsfaktorer, LENI-tal'!$H$33:$H$37,0),4), L$25='4. Reduktionsfaktorer, LENI-tal'!$T$12,INDEX('4. Reduktionsfaktorer, LENI-tal'!$H$38:$O$45,MATCH(L$27,'4. Reduktionsfaktorer, LENI-tal'!$H$38:$H$45,0),4)), "Fyll i byggnads- och rumstyp ovan")} -> Fyll i byggnads- och rumstyp ovan | M74: {=IFERROR(_xlfn.IFS(M$25='4. Reduktionsfaktorer, LENI-tal'!$Q$12,INDEX('4. Reduktionsfaktorer, LENI-tal'!$H$13:$O$23,MATCH(M$27,'4. Reduktionsfaktorer, LENI-tal'!$H$13:$H$23,0),4), M$25="SKOLA OCH RESTAURANG",INDEX('4. Reduktionsfaktorer, LENI-tal'!$H$24:$O$32,MATCH(M$27,'4. Reduktionsfaktorer, LENI-tal'!$H$24:$H$32,0),4), M$25='4. Reduktionsfaktorer, LENI-tal'!$S$12,INDEX('4. Reduktionsfaktorer, LENI-tal'!$H$33:$O$37,MATCH(M$27,'4. Reduktionsfaktorer, LENI-tal'!$H$33:$H$37,0),4), M$25='4. Reduktionsfaktorer, LENI-tal'!$T$12,INDEX('4. Reduktionsfaktorer, LENI-tal'!$H$38:$O$45,MATCH(M$27,'4. Reduktionsfaktorer, LENI-tal'!$H$38:$H$45,0),4)), "Fyll i byggnads- och rumstyp ovan")} -> Fyll i byggnads- och rumstyp ovan | N74: {=IFERROR(_xlfn.IFS(N$25='4. Reduktionsfaktorer, LENI-tal'!$Q$12,INDEX('4. Reduktionsfaktorer, LENI-tal'!$H$13:$O$23,MATCH(N$27,'4. Reduktionsfaktorer, LENI-tal'!$H$13:$H$23,0),4), N$25="SKOLA OCH RESTAURANG",INDEX('4. Reduktionsfaktorer, LENI-tal'!$H$24:$O$32,MATCH(N$27,'4. Reduktionsfaktorer, LENI-tal'!$H$24:$H$32,0),4), N$25='4. Reduktionsfaktorer, LENI-tal'!$S$12,INDEX('4. Reduktionsfaktorer, LENI-tal'!$H$33:$O$37,MATCH(N$27,'4. Reduktionsfaktorer, LENI-tal'!$H$33:$H$37,0),4), N$25='4. Reduktionsfaktorer, LENI-tal'!$T$12,INDEX('4. Reduktionsfaktorer, LENI-tal'!$H$38:$O$45,MATCH(N$27,'4. Reduktionsfaktorer, LENI-tal'!$H$38:$H$45,0),4)), "Fyll i byggnads- och rumstyp ovan")} -> Fyll i byggnads- och rumstyp ovan | O74: {=IFERROR(_xlfn.IFS(O$25='4. Reduktionsfaktorer, LENI-tal'!$Q$12,INDEX('4. Reduktionsfaktorer, LENI-tal'!$H$13:$O$23,MATCH(O$27,'4. Reduktionsfaktorer, LENI-tal'!$H$13:$H$23,0),4), O$25="SKOLA OCH RESTAURANG",INDEX('4. Reduktionsfaktorer, LENI-tal'!$H$24:$O$32,MATCH(O$27,'4. Reduktionsfaktorer, LENI-tal'!$H$24:$H$32,0),4), O$25='4. Reduktionsfaktorer, LENI-tal'!$S$12,INDEX('4. Reduktionsfaktorer, LENI-tal'!$H$33:$O$37,MATCH(O$27,'4. Reduktionsfaktorer, LENI-tal'!$H$33:$H$37,0),4), O$25='4. Reduktionsfaktorer, LENI-tal'!$T$12,INDEX('4. Reduktionsfaktorer, LENI-tal'!$H$38:$O$45,MATCH(O$27,'4. Reduktionsfaktorer, LENI-tal'!$H$38:$H$45,0),4)), "Fyll i byggnads- och rumstyp ovan")} -> Fyll i byggnads- och rumstyp ovan | P74: {=IFERROR(_xlfn.IFS(P$25='4. Reduktionsfaktorer, LENI-tal'!$Q$12,INDEX('4. Reduktionsfaktorer, LENI-tal'!$H$13:$O$23,MATCH(P$27,'4. Reduktionsfaktorer, LENI-tal'!$H$13:$H$23,0),4), P$25="SKOLA OCH RESTAURANG",INDEX('4. Reduktionsfaktorer, LENI-tal'!$H$24:$O$32,MATCH(P$27,'4. Reduktionsfaktorer, LENI-tal'!$H$24:$H$32,0),4), P$25='4. Reduktionsfaktorer, LENI-tal'!$S$12,INDEX('4. Reduktionsfaktorer, LENI-tal'!$H$33:$O$37,MATCH(P$27,'4. Reduktionsfaktorer, LENI-tal'!$H$33:$H$37,0),4), P$25='4. Reduktionsfaktorer, LENI-tal'!$T$12,INDEX('4. Reduktionsfaktorer, LENI-tal'!$H$38:$O$45,MATCH(P$27,'4. Reduktionsfaktorer, LENI-tal'!$H$38:$H$45,0),4)), "Fyll i byggnads- och rumstyp ovan")} -> Fyll i byggnads- och rumstyp ovan | ... R74: {=IFERROR(_xlfn.IFS(R$25='4. Reduktionsfaktorer, LENI-tal'!$Q$12,INDEX('4. Reduktionsfaktorer, LENI-tal'!$H$13:$O$23,MATCH(R$27,'4. Reduktionsfaktorer, LENI-tal'!$H$13:$H$23,0),4), R$25="SKOLA OCH RESTAURANG",INDEX('4. Reduktionsfaktorer, LENI-tal'!$H$24:$O$32,MATCH(R$27,'4. Reduktionsfaktorer, LENI-tal'!$H$24:$H$32,0),4), R$25='4. Reduktionsfaktorer, LENI-tal'!$S$12,INDEX('4. Reduktionsfaktorer, LENI-tal'!$H$33:$O$37,MATCH(R$27,'4. Reduktionsfaktorer, LENI-tal'!$H$33:$H$37,0),4), R$25='4. Reduktionsfaktorer, LENI-tal'!$T$12,INDEX('4. Reduktionsfaktorer, LENI-tal'!$H$38:$O$45,MATCH(R$27,'4. Reduktionsfaktorer, LENI-tal'!$H$38:$H$45,0),4)), "Fyll i byggnads- och rumstyp ovan")} -> Fyll i byggnads- och rumstyp ovan
B75: 2.8 | C75: Reduktionsfaktor dagsljusstyrning | I75: {=IFERROR(_xlfn.IFS(I$25='4. Reduktionsfaktorer, LENI-tal'!$Q$12,INDEX('4. Reduktionsfaktorer, LENI-tal'!$H$13:$O$23,MATCH(I$27,'4. Reduktionsfaktorer, LENI-tal'!$H$13:$H$23,0),5), I$25="SKOLA OCH RESTAURANG",INDEX('4. Reduktionsfaktorer, LENI-tal'!$H$24:$O$32,MATCH(I$27,'4. Reduktionsfaktorer, LENI-tal'!$H$24:$H$32,0),5), I$25='4. Reduktionsfaktorer, LENI-tal'!$S$12,INDEX('4. Reduktionsfaktorer, LENI-tal'!$H$33:$O$37,MATCH(I$27,'4. Reduktionsfaktorer, LENI-tal'!$H$33:$H$37,0),5), I$25='4. Reduktionsfaktorer, LENI-tal'!$T$12,INDEX('4. Reduktionsfaktorer, LENI-tal'!$H$38:$O$45,MATCH(I$27,'4. Reduktionsfaktorer, LENI-tal'!$H$38:$H$45,0),5)), "Fyll i byggnads- och rumstyp ovan")} -> Fyll i byggnads- och rumstyp ovan | J75: {=IFERROR(_xlfn.IFS(J$25='4. Reduktionsfaktorer, LENI-tal'!$Q$12,INDEX('4. Reduktionsfaktorer, LENI-tal'!$H$13:$O$23,MATCH(J$27,'4. Reduktionsfaktorer, LENI-tal'!$H$13:$H$23,0),5), J$25="SKOLA OCH RESTAURANG",INDEX('4. Reduktionsfaktorer, LENI-tal'!$H$24:$O$32,MATCH(J$27,'4. Reduktionsfaktorer, LENI-tal'!$H$24:$H$32,0),5), J$25='4. Reduktionsfaktorer, LENI-tal'!$S$12,INDEX('4. Reduktionsfaktorer, LENI-tal'!$H$33:$O$37,MATCH(J$27,'4. Reduktionsfaktorer, LENI-tal'!$H$33:$H$37,0),5), J$25='4. Reduktionsfaktorer, LENI-tal'!$T$12,INDEX('4. Reduktionsfaktorer, LENI-tal'!$H$38:$O$45,MATCH(J$27,'4. Reduktionsfaktorer, LENI-tal'!$H$38:$H$45,0),5)), "Fyll i byggnads- och rumstyp ovan")} -> Fyll i byggnads- och rumstyp ovan | K75: {=IFERROR(_xlfn.IFS(K$25='4. Reduktionsfaktorer, LENI-tal'!$Q$12,INDEX('4. Reduktionsfaktorer, LENI-tal'!$H$13:$O$23,MATCH(K$27,'4. Reduktionsfaktorer, LENI-tal'!$H$13:$H$23,0),5), K$25="SKOLA OCH RESTAURANG",INDEX('4. Reduktionsfaktorer, LENI-tal'!$H$24:$O$32,MATCH(K$27,'4. Reduktionsfaktorer, LENI-tal'!$H$24:$H$32,0),5), K$25='4. Reduktionsfaktorer, LENI-tal'!$S$12,INDEX('4. Reduktionsfaktorer, LENI-tal'!$H$33:$O$37,MATCH(K$27,'4. Reduktionsfaktorer, LENI-tal'!$H$33:$H$37,0),5), K$25='4. Reduktionsfaktorer, LENI-tal'!$T$12,INDEX('4. Reduktionsfaktorer, LENI-tal'!$H$38:$O$45,MATCH(K$27,'4. Reduktionsfaktorer, LENI-tal'!$H$38:$H$45,0),5)), "Fyll i byggnads- och rumstyp ovan")} -> Fyll i byggnads- och rumstyp ovan | L75: {=IFERROR(_xlfn.IFS(L$25='4. Reduktionsfaktorer, LENI-tal'!$Q$12,INDEX('4. Reduktionsfaktorer, LENI-tal'!$H$13:$O$23,MATCH(L$27,'4. Reduktionsfaktorer, LENI-tal'!$H$13:$H$23,0),5), L$25="SKOLA OCH RESTAURANG",INDEX('4. Reduktionsfaktorer, LENI-tal'!$H$24:$O$32,MATCH(L$27,'4. Reduktionsfaktorer, LENI-tal'!$H$24:$H$32,0),5), L$25='4. Reduktionsfaktorer, LENI-tal'!$S$12,INDEX('4. Reduktionsfaktorer, LENI-tal'!$H$33:$O$37,MATCH(L$27,'4. Reduktionsfaktorer, LENI-tal'!$H$33:$H$37,0),5), L$25='4. Reduktionsfaktorer, LENI-tal'!$T$12,INDEX('4. Reduktionsfaktorer, LENI-tal'!$H$38:$O$45,MATCH(L$27,'4. Reduktionsfaktorer, LENI-tal'!$H$38:$H$45,0),5)), "Fyll i byggnads- och rumstyp ovan")} -> Fyll i byggnads- och rumstyp ovan | M75: {=IFERROR(_xlfn.IFS(M$25='4. Reduktionsfaktorer, LENI-tal'!$Q$12,INDEX('4. Reduktionsfaktorer, LENI-tal'!$H$13:$O$23,MATCH(M$27,'4. Reduktionsfaktorer, LENI-tal'!$H$13:$H$23,0),5), M$25="SKOLA OCH RESTAURANG",INDEX('4. Reduktionsfaktorer, LENI-tal'!$H$24:$O$32,MATCH(M$27,'4. Reduktionsfaktorer, LENI-tal'!$H$24:$H$32,0),5), M$25='4. Reduktionsfaktorer, LENI-tal'!$S$12,INDEX('4. Reduktionsfaktorer, LENI-tal'!$H$33:$O$37,MATCH(M$27,'4. Reduktionsfaktorer, LENI-tal'!$H$33:$H$37,0),5), M$25='4. Reduktionsfaktorer, LENI-tal'!$T$12,INDEX('4. Reduktionsfaktorer, LENI-tal'!$H$38:$O$45,MATCH(M$27,'4. Reduktionsfaktorer, LENI-tal'!$H$38:$H$45,0),5)), "Fyll i byggnads- och rumstyp ovan")} -> Fyll i byggnads- och rumstyp ovan | N75: {=IFERROR(_xlfn.IFS(N$25='4. Reduktionsfaktorer, LENI-tal'!$Q$12,INDEX('4. Reduktionsfaktorer, LENI-tal'!$H$13:$O$23,MATCH(N$27,'4. Reduktionsfaktorer, LENI-tal'!$H$13:$H$23,0),5), N$25="SKOLA OCH RESTAURANG",INDEX('4. Reduktionsfaktorer, LENI-tal'!$H$24:$O$32,MATCH(N$27,'4. Reduktionsfaktorer, LENI-tal'!$H$24:$H$32,0),5), N$25='4. Reduktionsfaktorer, LENI-tal'!$S$12,INDEX('4. Reduktionsfaktorer, LENI-tal'!$H$33:$O$37,MATCH(N$27,'4. Reduktionsfaktorer, LENI-tal'!$H$33:$H$37,0),5), N$25='4. Reduktionsfaktorer, LENI-tal'!$T$12,INDEX('4. Reduktionsfaktorer, LENI-tal'!$H$38:$O$45,MATCH(N$27,'4. Reduktionsfaktorer, LENI-tal'!$H$38:$H$45,0),5)), "Fyll i byggnads- och rumstyp ovan")} -> Fyll i byggnads- och rumstyp ovan | O75: {=IFERROR(_xlfn.IFS(O$25='4. Reduktionsfaktorer, LENI-tal'!$Q$12,INDEX('4. Reduktionsfaktorer, LENI-tal'!$H$13:$O$23,MATCH(O$27,'4. Reduktionsfaktorer, LENI-tal'!$H$13:$H$23,0),5), O$25="SKOLA OCH RESTAURANG",INDEX('4. Reduktionsfaktorer, LENI-tal'!$H$24:$O$32,MATCH(O$27,'4. Reduktionsfaktorer, LENI-tal'!$H$24:$H$32,0),5), O$25='4. Reduktionsfaktorer, LENI-tal'!$S$12,INDEX('4. Reduktionsfaktorer, LENI-tal'!$H$33:$O$37,MATCH(O$27,'4. Reduktionsfaktorer, LENI-tal'!$H$33:$H$37,0),5), O$25='4. Reduktionsfaktorer, LENI-tal'!$T$12,INDEX('4. Reduktionsfaktorer, LENI-tal'!$H$38:$O$45,MATCH(O$27,'4. Reduktionsfaktorer, LENI-tal'!$H$38:$H$45,0),5)), "Fyll i byggnads- och rumstyp ovan")} -> Fyll i byggnads- och rumstyp ovan | P75: {=IFERROR(_xlfn.IFS(P$25='4. Reduktionsfaktorer, LENI-tal'!$Q$12,INDEX('4. Reduktionsfaktorer, LENI-tal'!$H$13:$O$23,MATCH(P$27,'4. Reduktionsfaktorer, LENI-tal'!$H$13:$H$23,0),5), P$25="SKOLA OCH RESTAURANG",INDEX('4. Reduktionsfaktorer, LENI-tal'!$H$24:$O$32,MATCH(P$27,'4. Reduktionsfaktorer, LENI-tal'!$H$24:$H$32,0),5), P$25='4. Reduktionsfaktorer, LENI-tal'!$S$12,INDEX('4. Reduktionsfaktorer, LENI-tal'!$H$33:$O$37,MATCH(P$27,'4. Reduktionsfaktorer, LENI-tal'!$H$33:$H$37,0),5), P$25='4. Reduktionsfaktorer, LENI-tal'!$T$12,INDEX('4. Reduktionsfaktorer, LENI-tal'!$H$38:$O$45,MATCH(P$27,'4. Reduktionsfaktorer, LENI-tal'!$H$38:$H$45,0),5)), "Fyll i byggnads- och rumstyp ovan")} -> Fyll i byggnads- och rumstyp ovan | ... R75: {=IFERROR(_xlfn.IFS(R$25='4. Reduktionsfaktorer, LENI-tal'!$Q$12,INDEX('4. Reduktionsfaktorer, LENI-tal'!$H$13:$O$23,MATCH(R$27,'4. Reduktionsfaktorer, LENI-tal'!$H$13:$H$23,0),5), R$25="SKOLA OCH RESTAURANG",INDEX('4. Reduktionsfaktorer, LENI-tal'!$H$24:$O$32,MATCH(R$27,'4. Reduktionsfaktorer, LENI-tal'!$H$24:$H$32,0),5), R$25='4. Reduktionsfaktorer, LENI-tal'!$S$12,INDEX('4. Reduktionsfaktorer, LENI-tal'!$H$33:$O$37,MATCH(R$27,'4. Reduktionsfaktorer, LENI-tal'!$H$33:$H$37,0),5), R$25='4. Reduktionsfaktorer, LENI-tal'!$T$12,INDEX('4. Reduktionsfaktorer, LENI-tal'!$H$38:$O$45,MATCH(R$27,'4. Reduktionsfaktorer, LENI-tal'!$H$38:$H$45,0),5)), "Fyll i byggnads- och rumstyp ovan")} -> Fyll i byggnads- och rumstyp ovan
B76: 2.9 | C76: Total reduktionsfaktor för styrning | I76: =IF(IF(I72=$I$238,I73,IF(I72=$I$239,I73*I74,IF(I72=$I$240,I73*I74*I75,1)))=0,"Fyll i 2.6-2.8",IF(I72=$I$238,I73,IF(I72=$I$239,I73*I74,IF(I72=$I$240,I73*I74*I75,1)))) -> 1 | J76: =IF(IF(J72=$I$238,J73,IF(J72=$I$239,J73*J74,IF(J72=$I$240,J73*J74*J75,1)))=0,"Fyll i 2.6-2.8",IF(J72=$I$238,J73,IF(J72=$I$239,J73*J74,IF(J72=$I$240,J73*J74*J75,1)))) -> 1 | K76: =IF(IF(K72=$I$238,K73,IF(K72=$I$239,K73*K74,IF(K72=$I$240,K73*K74*K75,1)))=0,"Fyll i 2.6-2.8",IF(K72=$I$238,K73,IF(K72=$I$239,K73*K74,IF(K72=$I$240,K73*K74*K75,1)))) -> 1 | L76: =IF(IF(L72=$I$238,L73,IF(L72=$I$239,L73*L74,IF(L72=$I$240,L73*L74*L75,1)))=0,"Fyll i 2.6-2.8",IF(L72=$I$238,L73,IF(L72=$I$239,L73*L74,IF(L72=$I$240,L73*L74*L75,1)))) -> 1 | M76: =IF(IF(M72=$I$238,M73,IF(M72=$I$239,M73*M74,IF(M72=$I$240,M73*M74*M75,1)))=0,"Fyll i 2.6-2.8",IF(M72=$I$238,M73,IF(M72=$I$239,M73*M74,IF(M72=$I$240,M73*M74*M75,1)))) -> 1 | N76: =IF(IF(N72=$I$238,N73,IF(N72=$I$239,N73*N74,IF(N72=$I$240,N73*N74*N75,1)))=0,"Fyll i 2.6-2.8",IF(N72=$I$238,N73,IF(N72=$I$239,N73*N74,IF(N72=$I$240,N73*N74*N75,1)))) -> 1 | O76: =IF(IF(O72=$I$238,O73,IF(O72=$I$239,O73*O74,IF(O72=$I$240,O73*O74*O75,1)))=0,"Fyll i 2.6-2.8",IF(O72=$I$238,O73,IF(O72=$I$239,O73*O74,IF(O72=$I$240,O73*O74*O75,1)))) -> 1 | P76: =IF(IF(P72=$I$238,P73,IF(P72=$I$239,P73*P74,IF(P72=$I$240,P73*P74*P75,1)))=0,"Fyll i 2.6-2.8",IF(P72=$I$238,P73,IF(P72=$I$239,P73*P74,IF(P72=$I$240,P73*P74*P75,1)))) -> 1 | ... R76: =IF(IF(R72=$I$238,R73,IF(R72=$I$239,R73*R74,IF(R72=$I$240,R73*R74*R75,1)))=0,"Fyll i 2.6-2.8",IF(R72=$I$238,R73,IF(R72=$I$239,R73*R74,IF(R72=$I$240,R73*R74*R75,1)))) -> 1
B77: 2.10 | C77: Underhållskostnader | H77: kr/år
C79: ARMATURTYP 5
B80: 2.1 | C80: Antal armaturer | H80: stk
B81: 2.2 | C81: Armaturpris | H81: kr/stk
B82: 2.3 | C82: Material- och arbetskostnader armatur | H82: kr/stk
B83: 2.4 | C83: Effekt per armatur, inkl. driftsförluster | H83: W/stk
B84: 2.5 | C84: Typ av styrning | I84: Ingen | J84: Ingen | K84: Ingen | L84: Ingen | M84: Ingen | N84: Ingen | O84: Ingen | P84: Ingen | Q84: Ingen | R84: Ingen
B85: 2.6 | C85: Reduktionsfaktor manuell styrning | I85: {=IFERROR(_xlfn.IFS(I$25='4. Reduktionsfaktorer, LENI-tal'!$Q$12,INDEX('4. Reduktionsfaktorer, LENI-tal'!$H$13:$O$23,MATCH(I$27,'4. Reduktionsfaktorer, LENI-tal'!$H$13:$H$23,0),3), I$25="SKOLA OCH RESTAURANG",INDEX('4. Reduktionsfaktorer, LENI-tal'!$H$24:$O$32,MATCH(I$27,'4. Reduktionsfaktorer, LENI-tal'!$H$24:$H$32,0),3), I$25='4. Reduktionsfaktorer, LENI-tal'!$S$12,INDEX('4. Reduktionsfaktorer, LENI-tal'!$H$33:$O$37,MATCH(I$27,'4. Reduktionsfaktorer, LENI-tal'!$H$33:$H$37,0),3), I$25='4. Reduktionsfaktorer, LENI-tal'!$T$12,INDEX('4. Reduktionsfaktorer, LENI-tal'!$H$38:$O$45,MATCH(I$27,'4. Reduktionsfaktorer, LENI-tal'!$H$38:$H$45,0),3)), "Fyll i byggnads- och rumstyp ovan")} -> Fyll i byggnads- och rumstyp ovan | J85: {=IFERROR(_xlfn.IFS(J$25='4. Reduktionsfaktorer, LENI-tal'!$Q$12,INDEX('4. Reduktionsfaktorer, LENI-tal'!$H$13:$O$23,MATCH(J$27,'4. Reduktionsfaktorer, LENI-tal'!$H$13:$H$23,0),3), J$25="SKOLA OCH RESTAURANG",INDEX('4. Reduktionsfaktorer, LENI-tal'!$H$24:$O$32,MATCH(J$27,'4. Reduktionsfaktorer, LENI-tal'!$H$24:$H$32,0),3), J$25='4. Reduktionsfaktorer, LENI-tal'!$S$12,INDEX('4. Reduktionsfaktorer, LENI-tal'!$H$33:$O$37,MATCH(J$27,'4. Reduktionsfaktorer, LENI-tal'!$H$33:$H$37,0),3), J$25='4. Reduktionsfaktorer, LENI-tal'!$T$12,INDEX('4. Reduktionsfaktorer, LENI-tal'!$H$38:$O$45,MATCH(J$27,'4. Reduktionsfaktorer, LENI-tal'!$H$38:$H$45,0),3)), "Fyll i byggnads- och rumstyp ovan")} -> Fyll i byggnads- och rumstyp ovan | K85: {=IFERROR(_xlfn.IFS(K$25='4. Reduktionsfaktorer, LENI-tal'!$Q$12,INDEX('4. Reduktionsfaktorer, LENI-tal'!$H$13:$O$23,MATCH(K$27,'4. Reduktionsfaktorer, LENI-tal'!$H$13:$H$23,0),3), K$25="SKOLA OCH RESTAURANG",INDEX('4. Reduktionsfaktorer, LENI-tal'!$H$24:$O$32,MATCH(K$27,'4. Reduktionsfaktorer, LENI-tal'!$H$24:$H$32,0),3), K$25='4. Reduktionsfaktorer, LENI-tal'!$S$12,INDEX('4. Reduktionsfaktorer, LENI-tal'!$H$33:$O$37,MATCH(K$27,'4. Reduktionsfaktorer, LENI-tal'!$H$33:$H$37,0),3), K$25='4. Reduktionsfaktorer, LENI-tal'!$T$12,INDEX('4. Reduktionsfaktorer, LENI-tal'!$H$38:$O$45,MATCH(K$27,'4. Reduktionsfaktorer, LENI-tal'!$H$38:$H$45,0),3)), "Fyll i byggnads- och rumstyp ovan")} -> Fyll i byggnads- och rumstyp ovan | L85: {=IFERROR(_xlfn.IFS(L$25='4. Reduktionsfaktorer, LENI-tal'!$Q$12,INDEX('4. Reduktionsfaktorer, LENI-tal'!$H$13:$O$23,MATCH(L$27,'4. Reduktionsfaktorer, LENI-tal'!$H$13:$H$23,0),3), L$25="SKOLA OCH RESTAURANG",INDEX('4. Reduktionsfaktorer, LENI-tal'!$H$24:$O$32,MATCH(L$27,'4. Reduktionsfaktorer, LENI-tal'!$H$24:$H$32,0),3), L$25='4. Reduktionsfaktorer, LENI-tal'!$S$12,INDEX('4. Reduktionsfaktorer, LENI-tal'!$H$33:$O$37,MATCH(L$27,'4. Reduktionsfaktorer, LENI-tal'!$H$33:$H$37,0),3), L$25='4. Reduktionsfaktorer, LENI-tal'!$T$12,INDEX('4. Reduktionsfaktorer, LENI-tal'!$H$38:$O$45,MATCH(L$27,'4. Reduktionsfaktorer, LENI-tal'!$H$38:$H$45,0),3)), "Fyll i byggnads- och rumstyp ovan")} -> Fyll i byggnads- och rumstyp ovan | M85: {=IFERROR(_xlfn.IFS(M$25='4. Reduktionsfaktorer, LENI-tal'!$Q$12,INDEX('4. Reduktionsfaktorer, LENI-tal'!$H$13:$O$23,MATCH(M$27,'4. Reduktionsfaktorer, LENI-tal'!$H$13:$H$23,0),3), M$25="SKOLA OCH RESTAURANG",INDEX('4. Reduktionsfaktorer, LENI-tal'!$H$24:$O$32,MATCH(M$27,'4. Reduktionsfaktorer, LENI-tal'!$H$24:$H$32,0),3), M$25='4. Reduktionsfaktorer, LENI-tal'!$S$12,INDEX('4. Reduktionsfaktorer, LENI-tal'!$H$33:$O$37,MATCH(M$27,'4. Reduktionsfaktorer, LENI-tal'!$H$33:$H$37,0),3), M$25='4. Reduktionsfaktorer, LENI-tal'!$T$12,INDEX('4. Reduktionsfaktorer, LENI-tal'!$H$38:$O$45,MATCH(M$27,'4. Reduktionsfaktorer, LENI-tal'!$H$38:$H$45,0),3)), "Fyll i byggnads- och rumstyp ovan")} -> Fyll i byggnads- och rumstyp ovan | N85: {=IFERROR(_xlfn.IFS(N$25='4. Reduktionsfaktorer, LENI-tal'!$Q$12,INDEX('4. Reduktionsfaktorer, LENI-tal'!$H$13:$O$23,MATCH(N$27,'4. Reduktionsfaktorer, LENI-tal'!$H$13:$H$23,0),3), N$25="SKOLA OCH RESTAURANG",INDEX('4. Reduktionsfaktorer, LENI-tal'!$H$24:$O$32,MATCH(N$27,'4. Reduktionsfaktorer, LENI-tal'!$H$24:$H$32,0),3), N$25='4. Reduktionsfaktorer, LENI-tal'!$S$12,INDEX('4. Reduktionsfaktorer, LENI-tal'!$H$33:$O$37,MATCH(N$27,'4. Reduktionsfaktorer, LENI-tal'!$H$33:$H$37,0),3), N$25='4. Reduktionsfaktorer, LENI-tal'!$T$12,INDEX('4. Reduktionsfaktorer, LENI-tal'!$H$38:$O$45,MATCH(N$27,'4. Reduktionsfaktorer, LENI-tal'!$H$38:$H$45,0),3)), "Fyll i byggnads- och rumstyp ovan")} -> Fyll i byggnads- och rumstyp ovan | O85: {=IFERROR(_xlfn.IFS(O$25='4. Reduktionsfaktorer, LENI-tal'!$Q$12,INDEX('4. Reduktionsfaktorer, LENI-tal'!$H$13:$O$23,MATCH(O$27,'4. Reduktionsfaktorer, LENI-tal'!$H$13:$H$23,0),3), O$25="SKOLA OCH RESTAURANG",INDEX('4. Reduktionsfaktorer, LENI-tal'!$H$24:$O$32,MATCH(O$27,'4. Reduktionsfaktorer, LENI-tal'!$H$24:$H$32,0),3), O$25='4. Reduktionsfaktorer, LENI-tal'!$S$12,INDEX('4. Reduktionsfaktorer, LENI-tal'!$H$33:$O$37,MATCH(O$27,'4. Reduktionsfaktorer, LENI-tal'!$H$33:$H$37,0),3), O$25='4. Reduktionsfaktorer, LENI-tal'!$T$12,INDEX('4. Reduktionsfaktorer, LENI-tal'!$H$38:$O$45,MATCH(O$27,'4. Reduktionsfaktorer, LENI-tal'!$H$38:$H$45,0),3)), "Fyll i byggnads- och rumstyp ovan")} -> Fyll i byggnads- och rumstyp ovan | P85: {=IFERROR(_xlfn.IFS(P$25='4. Reduktionsfaktorer, LENI-tal'!$Q$12,INDEX('4. Reduktionsfaktorer, LENI-tal'!$H$13:$O$23,MATCH(P$27,'4. Reduktionsfaktorer, LENI-tal'!$H$13:$H$23,0),3), P$25="SKOLA OCH RESTAURANG",INDEX('4. Reduktionsfaktorer, LENI-tal'!$H$24:$O$32,MATCH(P$27,'4. Reduktionsfaktorer, LENI-tal'!$H$24:$H$32,0),3), P$25='4. Reduktionsfaktorer, LENI-tal'!$S$12,INDEX('4. Reduktionsfaktorer, LENI-tal'!$H$33:$O$37,MATCH(P$27,'4. Reduktionsfaktorer, LENI-tal'!$H$33:$H$37,0),3), P$25='4. Reduktionsfaktorer, LENI-tal'!$T$12,INDEX('4. Reduktionsfaktorer, LENI-tal'!$H$38:$O$45,MATCH(P$27,'4. Reduktionsfaktorer, LENI-tal'!$H$38:$H$45,0),3)), "Fyll i byggnads- och rumstyp ovan")} -> Fyll i byggnads- och rumstyp ovan | ... R85: {=IFERROR(_xlfn.IFS(R$25='4. Reduktionsfaktorer, LENI-tal'!$Q$12,INDEX('4. Reduktionsfaktorer, LENI-tal'!$H$13:$O$23,MATCH(R$27,'4. Reduktionsfaktorer, LENI-tal'!$H$13:$H$23,0),3), R$25="SKOLA OCH RESTAURANG",INDEX('4. Reduktionsfaktorer, LENI-tal'!$H$24:$O$32,MATCH(R$27,'4. Reduktionsfaktorer, LENI-tal'!$H$24:$H$32,0),3), R$25='4. Reduktionsfaktorer, LENI-tal'!$S$12,INDEX('4. Reduktionsfaktorer, LENI-tal'!$H$33:$O$37,MATCH(R$27,'4. Reduktionsfaktorer, LENI-tal'!$H$33:$H$37,0),3), R$25='4. Reduktionsfaktorer, LENI-tal'!$T$12,INDEX('4. Reduktionsfaktorer, LENI-tal'!$H$38:$O$45,MATCH(R$27,'4. Reduktionsfaktorer, LENI-tal'!$H$38:$H$45,0),3)), "Fyll i byggnads- och rumstyp ovan")} -> Fyll i byggnads- och rumstyp ovan
B86: 2.7 | C86: Reduktionsfaktor närvaro-/frånvarostyrning | I86: {=IFERROR(_xlfn.IFS(I$25='4. Reduktionsfaktorer, LENI-tal'!$Q$12,INDEX('4. Reduktionsfaktorer, LENI-tal'!$H$13:$O$23,MATCH(I$27,'4. Reduktionsfaktorer, LENI-tal'!$H$13:$H$23,0),4), I$25="SKOLA OCH RESTAURANG",INDEX('4. Reduktionsfaktorer, LENI-tal'!$H$24:$O$32,MATCH(I$27,'4. Reduktionsfaktorer, LENI-tal'!$H$24:$H$32,0),4), I$25='4. Reduktionsfaktorer, LENI-tal'!$S$12,INDEX('4. Reduktionsfaktorer, LENI-tal'!$H$33:$O$37,MATCH(I$27,'4. Reduktionsfaktorer, LENI-tal'!$H$33:$H$37,0),4), I$25='4. Reduktionsfaktorer, LENI-tal'!$T$12,INDEX('4. Reduktionsfaktorer, LENI-tal'!$H$38:$O$45,MATCH(I$27,'4. Reduktionsfaktorer, LENI-tal'!$H$38:$H$45,0),4)), "Fyll i byggnads- och rumstyp ovan")} -> Fyll i byggnads- och rumstyp ovan | J86: {=IFERROR(_xlfn.IFS(J$25='4. Reduktionsfaktorer, LENI-tal'!$Q$12,INDEX('4. Reduktionsfaktorer, LENI-tal'!$H$13:$O$23,MATCH(J$27,'4. Reduktionsfaktorer, LENI-tal'!$H$13:$H$23,0),4), J$25="SKOLA OCH RESTAURANG",INDEX('4. Reduktionsfaktorer, LENI-tal'!$H$24:$O$32,MATCH(J$27,'4. Reduktionsfaktorer, LENI-tal'!$H$24:$H$32,0),4), J$25='4. Reduktionsfaktorer, LENI-tal'!$S$12,INDEX('4. Reduktionsfaktorer, LENI-tal'!$H$33:$O$37,MATCH(J$27,'4. Reduktionsfaktorer, LENI-tal'!$H$33:$H$37,0),4), J$25='4. Reduktionsfaktorer, LENI-tal'!$T$12,INDEX('4. Reduktionsfaktorer, LENI-tal'!$H$38:$O$45,MATCH(J$27,'4. Reduktionsfaktorer, LENI-tal'!$H$38:$H$45,0),4)), "Fyll i byggnads- och rumstyp ovan")} -> Fyll i byggnads- och rumstyp ovan | K86: {=IFERROR(_xlfn.IFS(K$25='4. Reduktionsfaktorer, LENI-tal'!$Q$12,INDEX('4. Reduktionsfaktorer, LENI-tal'!$H$13:$O$23,MATCH(K$27,'4. Reduktionsfaktorer, LENI-tal'!$H$13:$H$23,0),4), K$25="SKOLA OCH RESTAURANG",INDEX('4. Reduktionsfaktorer, LENI-tal'!$H$24:$O$32,MATCH(K$27,'4. Reduktionsfaktorer, LENI-tal'!$H$24:$H$32,0),4), K$25='4. Reduktionsfaktorer, LENI-tal'!$S$12,INDEX('4. Reduktionsfaktorer, LENI-tal'!$H$33:$O$37,MATCH(K$27,'4. Reduktionsfaktorer, LENI-tal'!$H$33:$H$37,0),4), K$25='4. Reduktionsfaktorer, LENI-tal'!$T$12,INDEX('4. Reduktionsfaktorer, LENI-tal'!$H$38:$O$45,MATCH(K$27,'4. Reduktionsfaktorer, LENI-tal'!$H$38:$H$45,0),4)), "Fyll i byggnads- och rumstyp ovan")} -> Fyll i byggnads- och rumstyp ovan | L86: {=IFERROR(_xlfn.IFS(L$25='4. Reduktionsfaktorer, LENI-tal'!$Q$12,INDEX('4. Reduktionsfaktorer, LENI-tal'!$H$13:$O$23,MATCH(L$27,'4. Reduktionsfaktorer, LENI-tal'!$H$13:$H$23,0),4), L$25="SKOLA OCH RESTAURANG",INDEX('4. Reduktionsfaktorer, LENI-tal'!$H$24:$O$32,MATCH(L$27,'4. Reduktionsfaktorer, LENI-tal'!$H$24:$H$32,0),4), L$25='4. Reduktionsfaktorer, LENI-tal'!$S$12,INDEX('4. Reduktionsfaktorer, LENI-tal'!$H$33:$O$37,MATCH(L$27,'4. Reduktionsfaktorer, LENI-tal'!$H$33:$H$37,0),4), L$25='4. Reduktionsfaktorer, LENI-tal'!$T$12,INDEX('4. Reduktionsfaktorer, LENI-tal'!$H$38:$O$45,MATCH(L$27,'4. Reduktionsfaktorer, LENI-tal'!$H$38:$H$45,0),4)), "Fyll i byggnads- och rumstyp ovan")} -> Fyll i byggnads- och rumstyp ovan | M86: {=IFERROR(_xlfn.IFS(M$25='4. Reduktionsfaktorer, LENI-tal'!$Q$12,INDEX('4. Reduktionsfaktorer, LENI-tal'!$H$13:$O$23,MATCH(M$27,'4. Reduktionsfaktorer, LENI-tal'!$H$13:$H$23,0),4), M$25="SKOLA OCH RESTAURANG",INDEX('4. Reduktionsfaktorer, LENI-tal'!$H$24:$O$32,MATCH(M$27,'4. Reduktionsfaktorer, LENI-tal'!$H$24:$H$32,0),4), M$25='4. Reduktionsfaktorer, LENI-tal'!$S$12,INDEX('4. Reduktionsfaktorer, LENI-tal'!$H$33:$O$37,MATCH(M$27,'4. Reduktionsfaktorer, LENI-tal'!$H$33:$H$37,0),4), M$25='4. Reduktionsfaktorer, LENI-tal'!$T$12,INDEX('4. Reduktionsfaktorer, LENI-tal'!$H$38:$O$45,MATCH(M$27,'4. Reduktionsfaktorer, LENI-tal'!$H$38:$H$45,0),4)), "Fyll i byggnads- och rumstyp ovan")} -> Fyll i byggnads- och rumstyp ovan | N86: {=IFERROR(_xlfn.IFS(N$25='4. Reduktionsfaktorer, LENI-tal'!$Q$12,INDEX('4. Reduktionsfaktorer, LENI-tal'!$H$13:$O$23,MATCH(N$27,'4. Reduktionsfaktorer, LENI-tal'!$H$13:$H$23,0),4), N$25="SKOLA OCH RESTAURANG",INDEX('4. Reduktionsfaktorer, LENI-tal'!$H$24:$O$32,MATCH(N$27,'4. Reduktionsfaktorer, LENI-tal'!$H$24:$H$32,0),4), N$25='4. Reduktionsfaktorer, LENI-tal'!$S$12,INDEX('4. Reduktionsfaktorer, LENI-tal'!$H$33:$O$37,MATCH(N$27,'4. Reduktionsfaktorer, LENI-tal'!$H$33:$H$37,0),4), N$25='4. Reduktionsfaktorer, LENI-tal'!$T$12,INDEX('4. Reduktionsfaktorer, LENI-tal'!$H$38:$O$45,MATCH(N$27,'4. Reduktionsfaktorer, LENI-tal'!$H$38:$H$45,0),4)), "Fyll i byggnads- och rumstyp ovan")} -> Fyll i byggnads- och rumstyp ovan | O86: {=IFERROR(_xlfn.IFS(O$25='4. Reduktionsfaktorer, LENI-tal'!$Q$12,INDEX('4. Reduktionsfaktorer, LENI-tal'!$H$13:$O$23,MATCH(O$27,'4. Reduktionsfaktorer, LENI-tal'!$H$13:$H$23,0),4), O$25="SKOLA OCH RESTAURANG",INDEX('4. Reduktionsfaktorer, LENI-tal'!$H$24:$O$32,MATCH(O$27,'4. Reduktionsfaktorer, LENI-tal'!$H$24:$H$32,0),4), O$25='4. Reduktionsfaktorer, LENI-tal'!$S$12,INDEX('4. Reduktionsfaktorer, LENI-tal'!$H$33:$O$37,MATCH(O$27,'4. Reduktionsfaktorer, LENI-tal'!$H$33:$H$37,0),4), O$25='4. Reduktionsfaktorer, LENI-tal'!$T$12,INDEX('4. Reduktionsfaktorer, LENI-tal'!$H$38:$O$45,MATCH(O$27,'4. Reduktionsfaktorer, LENI-tal'!$H$38:$H$45,0),4)), "Fyll i byggnads- och rumstyp ovan")} -> Fyll i byggnads- och rumstyp ovan | P86: {=IFERROR(_xlfn.IFS(P$25='4. Reduktionsfaktorer, LENI-tal'!$Q$12,INDEX('4. Reduktionsfaktorer, LENI-tal'!$H$13:$O$23,MATCH(P$27,'4. Reduktionsfaktorer, LENI-tal'!$H$13:$H$23,0),4), P$25="SKOLA OCH RESTAURANG",INDEX('4. Reduktionsfaktorer, LENI-tal'!$H$24:$O$32,MATCH(P$27,'4. Reduktionsfaktorer, LENI-tal'!$H$24:$H$32,0),4), P$25='4. Reduktionsfaktorer, LENI-tal'!$S$12,INDEX('4. Reduktionsfaktorer, LENI-tal'!$H$33:$O$37,MATCH(P$27,'4. Reduktionsfaktorer, LENI-tal'!$H$33:$H$37,0),4), P$25='4. Reduktionsfaktorer, LENI-tal'!$T$12,INDEX('4. Reduktionsfaktorer, LENI-tal'!$H$38:$O$45,MATCH(P$27,'4. Reduktionsfaktorer, LENI-tal'!$H$38:$H$45,0),4)), "Fyll i byggnads- och rumstyp ovan")} -> Fyll i byggnads- och rumstyp ovan | ... R86: {=IFERROR(_xlfn.IFS(R$25='4. Reduktionsfaktorer, LENI-tal'!$Q$12,INDEX('4. Reduktionsfaktorer, LENI-tal'!$H$13:$O$23,MATCH(R$27,'4. Reduktionsfaktorer, LENI-tal'!$H$13:$H$23,0),4), R$25="SKOLA OCH RESTAURANG",INDEX('4. Reduktionsfaktorer, LENI-tal'!$H$24:$O$32,MATCH(R$27,'4. Reduktionsfaktorer, LENI-tal'!$H$24:$H$32,0),4), R$25='4. Reduktionsfaktorer, LENI-tal'!$S$12,INDEX('4. Reduktionsfaktorer, LENI-tal'!$H$33:$O$37,MATCH(R$27,'4. Reduktionsfaktorer, LENI-tal'!$H$33:$H$37,0),4), R$25='4. Reduktionsfaktorer, LENI-tal'!$T$12,INDEX('4. Reduktionsfaktorer, LENI-tal'!$H$38:$O$45,MATCH(R$27,'4. Reduktionsfaktorer, LENI-tal'!$H$38:$H$45,0),4)), "Fyll i byggnads- och rumstyp ovan")} -> Fyll i byggnads- och rumstyp ovan
B87: 2.8 | C87: Reduktionsfaktor dagsljusstyrning | I87: {=IFERROR(_xlfn.IFS(I$25='4. Reduktionsfaktorer, LENI-tal'!$Q$12,INDEX('4. Reduktionsfaktorer, LENI-tal'!$H$13:$O$23,MATCH(I$27,'4. Reduktionsfaktorer, LENI-tal'!$H$13:$H$23,0),5), I$25="SKOLA OCH RESTAURANG",INDEX('4. Reduktionsfaktorer, LENI-tal'!$H$24:$O$32,MATCH(I$27,'4. Reduktionsfaktorer, LENI-tal'!$H$24:$H$32,0),5), I$25='4. Reduktionsfaktorer, LENI-tal'!$S$12,INDEX('4. Reduktionsfaktorer, LENI-tal'!$H$33:$O$37,MATCH(I$27,'4. Reduktionsfaktorer, LENI-tal'!$H$33:$H$37,0),5), I$25='4. Reduktionsfaktorer, LENI-tal'!$T$12,INDEX('4. Reduktionsfaktorer, LENI-tal'!$H$38:$O$45,MATCH(I$27,'4. Reduktionsfaktorer, LENI-tal'!$H$38:$H$45,0),5)), "Fyll i byggnads- och rumstyp ovan")} -> Fyll i byggnads- och rumstyp ovan | J87: {=IFERROR(_xlfn.IFS(J$25='4. Reduktionsfaktorer, LENI-tal'!$Q$12,INDEX('4. Reduktionsfaktorer, LENI-tal'!$H$13:$O$23,MATCH(J$27,'4. Reduktionsfaktorer, LENI-tal'!$H$13:$H$23,0),5), J$25="SKOLA OCH RESTAURANG",INDEX('4. Reduktionsfaktorer, LENI-tal'!$H$24:$O$32,MATCH(J$27,'4. Reduktionsfaktorer, LENI-tal'!$H$24:$H$32,0),5), J$25='4. Reduktionsfaktorer, LENI-tal'!$S$12,INDEX('4. Reduktionsfaktorer, LENI-tal'!$H$33:$O$37,MATCH(J$27,'4. Reduktionsfaktorer, LENI-tal'!$H$33:$H$37,0),5), J$25='4. Reduktionsfaktorer, LENI-tal'!$T$12,INDEX('4. Reduktionsfaktorer, LENI-tal'!$H$38:$O$45,MATCH(J$27,'4. Reduktionsfaktorer, LENI-tal'!$H$38:$H$45,0),5)), "Fyll i byggnads- och rumstyp ovan")} -> Fyll i byggnads- och rumstyp ovan | K87: {=IFERROR(_xlfn.IFS(K$25='4. Reduktionsfaktorer, LENI-tal'!$Q$12,INDEX('4. Reduktionsfaktorer, LENI-tal'!$H$13:$O$23,MATCH(K$27,'4. Reduktionsfaktorer, LENI-tal'!$H$13:$H$23,0),5), K$25="SKOLA OCH RESTAURANG",INDEX('4. Reduktionsfaktorer, LENI-tal'!$H$24:$O$32,MATCH(K$27,'4. Reduktionsfaktorer, LENI-tal'!$H$24:$H$32,0),5), K$25='4. Reduktionsfaktorer, LENI-tal'!$S$12,INDEX('4. Reduktionsfaktorer, LENI-tal'!$H$33:$O$37,MATCH(K$27,'4. Reduktionsfaktorer, LENI-tal'!$H$33:$H$37,0),5), K$25='4. Reduktionsfaktorer, LENI-tal'!$T$12,INDEX('4. Reduktionsfaktorer, LENI-tal'!$H$38:$O$45,MATCH(K$27,'4. Reduktionsfaktorer, LENI-tal'!$H$38:$H$45,0),5)), "Fyll i byggnads- och rumstyp ovan")} -> Fyll i byggnads- och rumstyp ovan | L87: {=IFERROR(_xlfn.IFS(L$25='4. Reduktionsfaktorer, LENI-tal'!$Q$12,INDEX('4. Reduktionsfaktorer, LENI-tal'!$H$13:$O$23,MATCH(L$27,'4. Reduktionsfaktorer, LENI-tal'!$H$13:$H$23,0),5), L$25="SKOLA OCH RESTAURANG",INDEX('4. Reduktionsfaktorer, LENI-tal'!$H$24:$O$32,MATCH(L$27,'4. Reduktionsfaktorer, LENI-tal'!$H$24:$H$32,0),5), L$25='4. Reduktionsfaktorer, LENI-tal'!$S$12,INDEX('4. Reduktionsfaktorer, LENI-tal'!$H$33:$O$37,MATCH(L$27,'4. Reduktionsfaktorer, LENI-tal'!$H$33:$H$37,0),5), L$25='4. Reduktionsfaktorer, LENI-tal'!$T$12,INDEX('4. Reduktionsfaktorer, LENI-tal'!$H$38:$O$45,MATCH(L$27,'4. Reduktionsfaktorer, LENI-tal'!$H$38:$H$45,0),5)), "Fyll i byggnads- och rumstyp ovan")} -> Fyll i byggnads- och rumstyp ovan | M87: {=IFERROR(_xlfn.IFS(M$25='4. Reduktionsfaktorer, LENI-tal'!$Q$12,INDEX('4. Reduktionsfaktorer, LENI-tal'!$H$13:$O$23,MATCH(M$27,'4. Reduktionsfaktorer, LENI-tal'!$H$13:$H$23,0),5), M$25="SKOLA OCH RESTAURANG",INDEX('4. Reduktionsfaktorer, LENI-tal'!$H$24:$O$32,MATCH(M$27,'4. Reduktionsfaktorer, LENI-tal'!$H$24:$H$32,0),5), M$25='4. Reduktionsfaktorer, LENI-tal'!$S$12,INDEX('4. Reduktionsfaktorer, LENI-tal'!$H$33:$O$37,MATCH(M$27,'4. Reduktionsfaktorer, LENI-tal'!$H$33:$H$37,0),5), M$25='4. Reduktionsfaktorer, LENI-tal'!$T$12,INDEX('4. Reduktionsfaktorer, LENI-tal'!$H$38:$O$45,MATCH(M$27,'4. Reduktionsfaktorer, LENI-tal'!$H$38:$H$45,0),5)), "Fyll i byggnads- och rumstyp ovan")} -> Fyll i byggnads- och rumstyp ovan | N87: {=IFERROR(_xlfn.IFS(N$25='4. Reduktionsfaktorer, LENI-tal'!$Q$12,INDEX('4. Reduktionsfaktorer, LENI-tal'!$H$13:$O$23,MATCH(N$27,'4. Reduktionsfaktorer, LENI-tal'!$H$13:$H$23,0),5), N$25="SKOLA OCH RESTAURANG",INDEX('4. Reduktionsfaktorer, LENI-tal'!$H$24:$O$32,MATCH(N$27,'4. Reduktionsfaktorer, LENI-tal'!$H$24:$H$32,0),5), N$25='4. Reduktionsfaktorer, LENI-tal'!$S$12,INDEX('4. Reduktionsfaktorer, LENI-tal'!$H$33:$O$37,MATCH(N$27,'4. Reduktionsfaktorer, LENI-tal'!$H$33:$H$37,0),5), N$25='4. Reduktionsfaktorer, LENI-tal'!$T$12,INDEX('4. Reduktionsfaktorer, LENI-tal'!$H$38:$O$45,MATCH(N$27,'4. Reduktionsfaktorer, LENI-tal'!$H$38:$H$45,0),5)), "Fyll i byggnads- och rumstyp ovan")} -> Fyll i byggnads- och rumstyp ovan | O87: {=IFERROR(_xlfn.IFS(O$25='4. Reduktionsfaktorer, LENI-tal'!$Q$12,INDEX('4. Reduktionsfaktorer, LENI-tal'!$H$13:$O$23,MATCH(O$27,'4. Reduktionsfaktorer, LENI-tal'!$H$13:$H$23,0),5), O$25="SKOLA OCH RESTAURANG",INDEX('4. Reduktionsfaktorer, LENI-tal'!$H$24:$O$32,MATCH(O$27,'4. Reduktionsfaktorer, LENI-tal'!$H$24:$H$32,0),5), O$25='4. Reduktionsfaktorer, LENI-tal'!$S$12,INDEX('4. Reduktionsfaktorer, LENI-tal'!$H$33:$O$37,MATCH(O$27,'4. Reduktionsfaktorer, LENI-tal'!$H$33:$H$37,0),5), O$25='4. Reduktionsfaktorer, LENI-tal'!$T$12,INDEX('4. Reduktionsfaktorer, LENI-tal'!$H$38:$O$45,MATCH(O$27,'4. Reduktionsfaktorer, LENI-tal'!$H$38:$H$45,0),5)), "Fyll i byggnads- och rumstyp ovan")} -> Fyll i byggnads- och rumstyp ovan | P87: {=IFERROR(_xlfn.IFS(P$25='4. Reduktionsfaktorer, LENI-tal'!$Q$12,INDEX('4. Reduktionsfaktorer, LENI-tal'!$H$13:$O$23,MATCH(P$27,'4. Reduktionsfaktorer, LENI-tal'!$H$13:$H$23,0),5), P$25="SKOLA OCH RESTAURANG",INDEX('4. Reduktionsfaktorer, LENI-tal'!$H$24:$O$32,MATCH(P$27,'4. Reduktionsfaktorer, LENI-tal'!$H$24:$H$32,0),5), P$25='4. Reduktionsfaktorer, LENI-tal'!$S$12,INDEX('4. Reduktionsfaktorer, LENI-tal'!$H$33:$O$37,MATCH(P$27,'4. Reduktionsfaktorer, LENI-tal'!$H$33:$H$37,0),5), P$25='4. Reduktionsfaktorer, LENI-tal'!$T$12,INDEX('4. Reduktionsfaktorer, LENI-tal'!$H$38:$O$45,MATCH(P$27,'4. Reduktionsfaktorer, LENI-tal'!$H$38:$H$45,0),5)), "Fyll i byggnads- och rumstyp ovan")} -> Fyll i byggnads- och rumstyp ovan | ... R87: {=IFERROR(_xlfn.IFS(R$25='4. Reduktionsfaktorer, LENI-tal'!$Q$12,INDEX('4. Reduktionsfaktorer, LENI-tal'!$H$13:$O$23,MATCH(R$27,'4. Reduktionsfaktorer, LENI-tal'!$H$13:$H$23,0),5), R$25="SKOLA OCH RESTAURANG",INDEX('4. Reduktionsfaktorer, LENI-tal'!$H$24:$O$32,MATCH(R$27,'4. Reduktionsfaktorer, LENI-tal'!$H$24:$H$32,0),5), R$25='4. Reduktionsfaktorer, LENI-tal'!$S$12,INDEX('4. Reduktionsfaktorer, LENI-tal'!$H$33:$O$37,MATCH(R$27,'4. Reduktionsfaktorer, LENI-tal'!$H$33:$H$37,0),5), R$25='4. Reduktionsfaktorer, LENI-tal'!$T$12,INDEX('4. Reduktionsfaktorer, LENI-tal'!$H$38:$O$45,MATCH(R$27,'4. Reduktionsfaktorer, LENI-tal'!$H$38:$H$45,0),5)), "Fyll i byggnads- och rumstyp ovan")} -> Fyll i byggnads- och rumstyp ovan
B88: 2.9 | C88: Total reduktionsfaktor för styrning | I88: =IF(IF(I84=$I$238,I85,IF(I84=$I$239,I85*I86,IF(I84=$I$240,I85*I86*I87,1)))=0,"Fyll i 2.6-2.8",IF(I84=$I$238,I85,IF(I84=$I$239,I85*I86,IF(I84=$I$240,I85*I86*I87,1)))) -> 1 | J88: =IF(IF(J84=$I$238,J85,IF(J84=$I$239,J85*J86,IF(J84=$I$240,J85*J86*J87,1)))=0,"Fyll i 2.6-2.8",IF(J84=$I$238,J85,IF(J84=$I$239,J85*J86,IF(J84=$I$240,J85*J86*J87,1)))) -> 1 | K88: =IF(IF(K84=$I$238,K85,IF(K84=$I$239,K85*K86,IF(K84=$I$240,K85*K86*K87,1)))=0,"Fyll i 2.6-2.8",IF(K84=$I$238,K85,IF(K84=$I$239,K85*K86,IF(K84=$I$240,K85*K86*K87,1)))) -> 1 | L88: =IF(IF(L84=$I$238,L85,IF(L84=$I$239,L85*L86,IF(L84=$I$240,L85*L86*L87,1)))=0,"Fyll i 2.6-2.8",IF(L84=$I$238,L85,IF(L84=$I$239,L85*L86,IF(L84=$I$240,L85*L86*L87,1)))) -> 1 | M88: =IF(IF(M84=$I$238,M85,IF(M84=$I$239,M85*M86,IF(M84=$I$240,M85*M86*M87,1)))=0,"Fyll i 2.6-2.8",IF(M84=$I$238,M85,IF(M84=$I$239,M85*M86,IF(M84=$I$240,M85*M86*M87,1)))) -> 1 | N88: =IF(IF(N84=$I$238,N85,IF(N84=$I$239,N85*N86,IF(N84=$I$240,N85*N86*N87,1)))=0,"Fyll i 2.6-2.8",IF(N84=$I$238,N85,IF(N84=$I$239,N85*N86,IF(N84=$I$240,N85*N86*N87,1)))) -> 1 | O88: =IF(IF(O84=$I$238,O85,IF(O84=$I$239,O85*O86,IF(O84=$I$240,O85*O86*O87,1)))=0,"Fyll i 2.6-2.8",IF(O84=$I$238,O85,IF(O84=$I$239,O85*O86,IF(O84=$I$240,O85*O86*O87,1)))) -> 1 | P88: =IF(IF(P84=$I$238,P85,IF(P84=$I$239,P85*P86,IF(P84=$I$240,P85*P86*P87,1)))=0,"Fyll i 2.6-2.8",IF(P84=$I$238,P85,IF(P84=$I$239,P85*P86,IF(P84=$I$240,P85*P86*P87,1)))) -> 1 | ... R88: =IF(IF(R84=$I$238,R85,IF(R84=$I$239,R85*R86,IF(R84=$I$240,R85*R86*R87,1)))=0,"Fyll i 2.6-2.8",IF(R84=$I$238,R85,IF(R84=$I$239,R85*R86,IF(R84=$I$240,R85*R86*R87,1)))) -> 1
B89: 2.10 | C89: Underhållskostnader | H89: kr/år
C91: ARMATURTYP 6
B92: 2.1 | C92: Antal armaturer | H92: stk
B93: 2.2 | C93: Armaturpris | H93: kr/stk
B94: 2.3 | C94: Material- och arbetskostnader armatur | H94: kr/stk
B95: 2.4 | C95: Effekt per armatur, inkl. driftsförluster | H95: W/stk
B96: 2.5 | C96: Typ av styrning | I96: Ingen | J96: Ingen | K96: Ingen | L96: Ingen | M96: Ingen | N96: Ingen | O96: Ingen | P96: Ingen | Q96: Ingen | R96: Ingen
B97: 2.6 | C97: Reduktionsfaktor manuell styrning | I97: {=IFERROR(_xlfn.IFS(I$25='4. Reduktionsfaktorer, LENI-tal'!$Q$12,INDEX('4. Reduktionsfaktorer, LENI-tal'!$H$13:$O$23,MATCH(I$27,'4. Reduktionsfaktorer, LENI-tal'!$H$13:$H$23,0),3), I$25="SKOLA OCH RESTAURANG",INDEX('4. Reduktionsfaktorer, LENI-tal'!$H$24:$O$32,MATCH(I$27,'4. Reduktionsfaktorer, LENI-tal'!$H$24:$H$32,0),3), I$25='4. Reduktionsfaktorer, LENI-tal'!$S$12,INDEX('4. Reduktionsfaktorer, LENI-tal'!$H$33:$O$37,MATCH(I$27,'4. Reduktionsfaktorer, LENI-tal'!$H$33:$H$37,0),3), I$25='4. Reduktionsfaktorer, LENI-tal'!$T$12,INDEX('4. Reduktionsfaktorer, LENI-tal'!$H$38:$O$45,MATCH(I$27,'4. Reduktionsfaktorer, LENI-tal'!$H$38:$H$45,0),3)), "Fyll i byggnads- och rumstyp ovan")} -> Fyll i byggnads- och rumstyp ovan | J97: {=IFERROR(_xlfn.IFS(J$25='4. Reduktionsfaktorer, LENI-tal'!$Q$12,INDEX('4. Reduktionsfaktorer, LENI-tal'!$H$13:$O$23,MATCH(J$27,'4. Reduktionsfaktorer, LENI-tal'!$H$13:$H$23,0),3), J$25="SKOLA OCH RESTAURANG",INDEX('4. Reduktionsfaktorer, LENI-tal'!$H$24:$O$32,MATCH(J$27,'4. Reduktionsfaktorer, LENI-tal'!$H$24:$H$32,0),3), J$25='4. Reduktionsfaktorer, LENI-tal'!$S$12,INDEX('4. Reduktionsfaktorer, LENI-tal'!$H$33:$O$37,MATCH(J$27,'4. Reduktionsfaktorer, LENI-tal'!$H$33:$H$37,0),3), J$25='4. Reduktionsfaktorer, LENI-tal'!$T$12,INDEX('4. Reduktionsfaktorer, LENI-tal'!$H$38:$O$45,MATCH(J$27,'4. Reduktionsfaktorer, LENI-tal'!$H$38:$H$45,0),3)), "Fyll i byggnads- och rumstyp ovan")} -> Fyll i byggnads- och rumstyp ovan | K97: {=IFERROR(_xlfn.IFS(K$25='4. Reduktionsfaktorer, LENI-tal'!$Q$12,INDEX('4. Reduktionsfaktorer, LENI-tal'!$H$13:$O$23,MATCH(K$27,'4. Reduktionsfaktorer, LENI-tal'!$H$13:$H$23,0),3), K$25="SKOLA OCH RESTAURANG",INDEX('4. Reduktionsfaktorer, LENI-tal'!$H$24:$O$32,MATCH(K$27,'4. Reduktionsfaktorer, LENI-tal'!$H$24:$H$32,0),3), K$25='4. Reduktionsfaktorer, LENI-tal'!$S$12,INDEX('4. Reduktionsfaktorer, LENI-tal'!$H$33:$O$37,MATCH(K$27,'4. Reduktionsfaktorer, LENI-tal'!$H$33:$H$37,0),3), K$25='4. Reduktionsfaktorer, LENI-tal'!$T$12,INDEX('4. Reduktionsfaktorer, LENI-tal'!$H$38:$O$45,MATCH(K$27,'4. Reduktionsfaktorer, LENI-tal'!$H$38:$H$45,0),3)), "Fyll i byggnads- och rumstyp ovan")} -> Fyll i byggnads- och rumstyp ovan | L97: {=IFERROR(_xlfn.IFS(L$25='4. Reduktionsfaktorer, LENI-tal'!$Q$12,INDEX('4. Reduktionsfaktorer, LENI-tal'!$H$13:$O$23,MATCH(L$27,'4. Reduktionsfaktorer, LENI-tal'!$H$13:$H$23,0),3), L$25="SKOLA OCH RESTAURANG",INDEX('4. Reduktionsfaktorer, LENI-tal'!$H$24:$O$32,MATCH(L$27,'4. Reduktionsfaktorer, LENI-tal'!$H$24:$H$32,0),3), L$25='4. Reduktionsfaktorer, LENI-tal'!$S$12,INDEX('4. Reduktionsfaktorer, LENI-tal'!$H$33:$O$37,MATCH(L$27,'4. Reduktionsfaktorer, LENI-tal'!$H$33:$H$37,0),3), L$25='4. Reduktionsfaktorer, LENI-tal'!$T$12,INDEX('4. Reduktionsfaktorer, LENI-tal'!$H$38:$O$45,MATCH(L$27,'4. Reduktionsfaktorer, LENI-tal'!$H$38:$H$45,0),3)), "Fyll i byggnads- och rumstyp ovan")} -> Fyll i byggnads- och rumstyp ovan | M97: {=IFERROR(_xlfn.IFS(M$25='4. Reduktionsfaktorer, LENI-tal'!$Q$12,INDEX('4. Reduktionsfaktorer, LENI-tal'!$H$13:$O$23,MATCH(M$27,'4. Reduktionsfaktorer, LENI-tal'!$H$13:$H$23,0),3), M$25="SKOLA OCH RESTAURANG",INDEX('4. Reduktionsfaktorer, LENI-tal'!$H$24:$O$32,MATCH(M$27,'4. Reduktionsfaktorer, LENI-tal'!$H$24:$H$32,0),3), M$25='4. Reduktionsfaktorer, LENI-tal'!$S$12,INDEX('4. Reduktionsfaktorer, LENI-tal'!$H$33:$O$37,MATCH(M$27,'4. Reduktionsfaktorer, LENI-tal'!$H$33:$H$37,0),3), M$25='4. Reduktionsfaktorer, LENI-tal'!$T$12,INDEX('4. Reduktionsfaktorer, LENI-tal'!$H$38:$O$45,MATCH(M$27,'4. Reduktionsfaktorer, LENI-tal'!$H$38:$H$45,0),3)), "Fyll i byggnads- och rumstyp ovan")} -> Fyll i byggnads- och rumstyp ovan | N97: {=IFERROR(_xlfn.IFS(N$25='4. Reduktionsfaktorer, LENI-tal'!$Q$12,INDEX('4. Reduktionsfaktorer, LENI-tal'!$H$13:$O$23,MATCH(N$27,'4. Reduktionsfaktorer, LENI-tal'!$H$13:$H$23,0),3), N$25="SKOLA OCH RESTAURANG",INDEX('4. Reduktionsfaktorer, LENI-tal'!$H$24:$O$32,MATCH(N$27,'4. Reduktionsfaktorer, LENI-tal'!$H$24:$H$32,0),3), N$25='4. Reduktionsfaktorer, LENI-tal'!$S$12,INDEX('4. Reduktionsfaktorer, LENI-tal'!$H$33:$O$37,MATCH(N$27,'4. Reduktionsfaktorer, LENI-tal'!$H$33:$H$37,0),3), N$25='4. Reduktionsfaktorer, LENI-tal'!$T$12,INDEX('4. Reduktionsfaktorer, LENI-tal'!$H$38:$O$45,MATCH(N$27,'4. Reduktionsfaktorer, LENI-tal'!$H$38:$H$45,0),3)), "Fyll i byggnads- och rumstyp ovan")} -> Fyll i byggnads- och rumstyp ovan | O97: {=IFERROR(_xlfn.IFS(O$25='4. Reduktionsfaktorer, LENI-tal'!$Q$12,INDEX('4. Reduktionsfaktorer, LENI-tal'!$H$13:$O$23,MATCH(O$27,'4. Reduktionsfaktorer, LENI-tal'!$H$13:$H$23,0),3), O$25="SKOLA OCH RESTAURANG",INDEX('4. Reduktionsfaktorer, LENI-tal'!$H$24:$O$32,MATCH(O$27,'4. Reduktionsfaktorer, LENI-tal'!$H$24:$H$32,0),3), O$25='4. Reduktionsfaktorer, LENI-tal'!$S$12,INDEX('4. Reduktionsfaktorer, LENI-tal'!$H$33:$O$37,MATCH(O$27,'4. Reduktionsfaktorer, LENI-tal'!$H$33:$H$37,0),3), O$25='4. Reduktionsfaktorer, LENI-tal'!$T$12,INDEX('4. Reduktionsfaktorer, LENI-tal'!$H$38:$O$45,MATCH(O$27,'4. Reduktionsfaktorer, LENI-tal'!$H$38:$H$45,0),3)), "Fyll i byggnads- och rumstyp ovan")} -> Fyll i byggnads- och rumstyp ovan | P97: {=IFERROR(_xlfn.IFS(P$25='4. Reduktionsfaktorer, LENI-tal'!$Q$12,INDEX('4. Reduktionsfaktorer, LENI-tal'!$H$13:$O$23,MATCH(P$27,'4. Reduktionsfaktorer, LENI-tal'!$H$13:$H$23,0),3), P$25="SKOLA OCH RESTAURANG",INDEX('4. Reduktionsfaktorer, LENI-tal'!$H$24:$O$32,MATCH(P$27,'4. Reduktionsfaktorer, LENI-tal'!$H$24:$H$32,0),3), P$25='4. Reduktionsfaktorer, LENI-tal'!$S$12,INDEX('4. Reduktionsfaktorer, LENI-tal'!$H$33:$O$37,MATCH(P$27,'4. Reduktionsfaktorer, LENI-tal'!$H$33:$H$37,0),3), P$25='4. Reduktionsfaktorer, LENI-tal'!$T$12,INDEX('4. Reduktionsfaktorer, LENI-tal'!$H$38:$O$45,MATCH(P$27,'4. Reduktionsfaktorer, LENI-tal'!$H$38:$H$45,0),3)), "Fyll i byggnads- och rumstyp ovan")} -> Fyll i byggnads- och rumstyp ovan | ... R97: {=IFERROR(_xlfn.IFS(R$25='4. Reduktionsfaktorer, LENI-tal'!$Q$12,INDEX('4. Reduktionsfaktorer, LENI-tal'!$H$13:$O$23,MATCH(R$27,'4. Reduktionsfaktorer, LENI-tal'!$H$13:$H$23,0),3), R$25="SKOLA OCH RESTAURANG",INDEX('4. Reduktionsfaktorer, LENI-tal'!$H$24:$O$32,MATCH(R$27,'4. Reduktionsfaktorer, LENI-tal'!$H$24:$H$32,0),3), R$25='4. Reduktionsfaktorer, LENI-tal'!$S$12,INDEX('4. Reduktionsfaktorer, LENI-tal'!$H$33:$O$37,MATCH(R$27,'4. Reduktionsfaktorer, LENI-tal'!$H$33:$H$37,0),3), R$25='4. Reduktionsfaktorer, LENI-tal'!$T$12,INDEX('4. Reduktionsfaktorer, LENI-tal'!$H$38:$O$45,MATCH(R$27,'4. Reduktionsfaktorer, LENI-tal'!$H$38:$H$45,0),3)), "Fyll i byggnads- och rumstyp ovan")} -> Fyll i byggnads- och rumstyp ovan
B98: 2.7 | C98: Reduktionsfaktor närvaro-/frånvarostyrning | I98: {=IFERROR(_xlfn.IFS(I$25='4. Reduktionsfaktorer, LENI-tal'!$Q$12,INDEX('4. Reduktionsfaktorer, LENI-tal'!$H$13:$O$23,MATCH(I$27,'4. Reduktionsfaktorer, LENI-tal'!$H$13:$H$23,0),4), I$25="SKOLA OCH RESTAURANG",INDEX('4. Reduktionsfaktorer, LENI-tal'!$H$24:$O$32,MATCH(I$27,'4. Reduktionsfaktorer, LENI-tal'!$H$24:$H$32,0),4), I$25='4. Reduktionsfaktorer, LENI-tal'!$S$12,INDEX('4. Reduktionsfaktorer, LENI-tal'!$H$33:$O$37,MATCH(I$27,'4. Reduktionsfaktorer, LENI-tal'!$H$33:$H$37,0),4), I$25='4. Reduktionsfaktorer, LENI-tal'!$T$12,INDEX('4. Reduktionsfaktorer, LENI-tal'!$H$38:$O$45,MATCH(I$27,'4. Reduktionsfaktorer, LENI-tal'!$H$38:$H$45,0),4)), "Fyll i byggnads- och rumstyp ovan")} -> Fyll i byggnads- och rumstyp ovan | J98: {=IFERROR(_xlfn.IFS(J$25='4. Reduktionsfaktorer, LENI-tal'!$Q$12,INDEX('4. Reduktionsfaktorer, LENI-tal'!$H$13:$O$23,MATCH(J$27,'4. Reduktionsfaktorer, LENI-tal'!$H$13:$H$23,0),4), J$25="SKOLA OCH RESTAURANG",INDEX('4. Reduktionsfaktorer, LENI-tal'!$H$24:$O$32,MATCH(J$27,'4. Reduktionsfaktorer, LENI-tal'!$H$24:$H$32,0),4), J$25='4. Reduktionsfaktorer, LENI-tal'!$S$12,INDEX('4. Reduktionsfaktorer, LENI-tal'!$H$33:$O$37,MATCH(J$27,'4. Reduktionsfaktorer, LENI-tal'!$H$33:$H$37,0),4), J$25='4. Reduktionsfaktorer, LENI-tal'!$T$12,INDEX('4. Reduktionsfaktorer, LENI-tal'!$H$38:$O$45,MATCH(J$27,'4. Reduktionsfaktorer, LENI-tal'!$H$38:$H$45,0),4)), "Fyll i byggnads- och rumstyp ovan")} -> Fyll i byggnads- och rumstyp ovan | K98: {=IFERROR(_xlfn.IFS(K$25='4. Reduktionsfaktorer, LENI-tal'!$Q$12,INDEX('4. Reduktionsfaktorer, LENI-tal'!$H$13:$O$23,MATCH(K$27,'4. Reduktionsfaktorer, LENI-tal'!$H$13:$H$23,0),4), K$25="SKOLA OCH RESTAURANG",INDEX('4. Reduktionsfaktorer, LENI-tal'!$H$24:$O$32,MATCH(K$27,'4. Reduktionsfaktorer, LENI-tal'!$H$24:$H$32,0),4), K$25='4. Reduktionsfaktorer, LENI-tal'!$S$12,INDEX('4. Reduktionsfaktorer, LENI-tal'!$H$33:$O$37,MATCH(K$27,'4. Reduktionsfaktorer, LENI-tal'!$H$33:$H$37,0),4), K$25='4. Reduktionsfaktorer, LENI-tal'!$T$12,INDEX('4. Reduktionsfaktorer, LENI-tal'!$H$38:$O$45,MATCH(K$27,'4. Reduktionsfaktorer, LENI-tal'!$H$38:$H$45,0),4)), "Fyll i byggnads- och rumstyp ovan")} -> Fyll i byggnads- och rumstyp ovan | L98: {=IFERROR(_xlfn.IFS(L$25='4. Reduktionsfaktorer, LENI-tal'!$Q$12,INDEX('4. Reduktionsfaktorer, LENI-tal'!$H$13:$O$23,MATCH(L$27,'4. Reduktionsfaktorer, LENI-tal'!$H$13:$H$23,0),4), L$25="SKOLA OCH RESTAURANG",INDEX('4. Reduktionsfaktorer, LENI-tal'!$H$24:$O$32,MATCH(L$27,'4. Reduktionsfaktorer, LENI-tal'!$H$24:$H$32,0),4), L$25='4. Reduktionsfaktorer, LENI-tal'!$S$12,INDEX('4. Reduktionsfaktorer, LENI-tal'!$H$33:$O$37,MATCH(L$27,'4. Reduktionsfaktorer, LENI-tal'!$H$33:$H$37,0),4), L$25='4. Reduktionsfaktorer, LENI-tal'!$T$12,INDEX('4. Reduktionsfaktorer, LENI-tal'!$H$38:$O$45,MATCH(L$27,'4. Reduktionsfaktorer, LENI-tal'!$H$38:$H$45,0),4)), "Fyll i byggnads- och rumstyp ovan")} -> Fyll i byggnads- och rumstyp ovan | M98: {=IFERROR(_xlfn.IFS(M$25='4. Reduktionsfaktorer, LENI-tal'!$Q$12,INDEX('4. Reduktionsfaktorer, LENI-tal'!$H$13:$O$23,MATCH(M$27,'4. Reduktionsfaktorer, LENI-tal'!$H$13:$H$23,0),4), M$25="SKOLA OCH RESTAURANG",INDEX('4. Reduktionsfaktorer, LENI-tal'!$H$24:$O$32,MATCH(M$27,'4. Reduktionsfaktorer, LENI-tal'!$H$24:$H$32,0),4), M$25='4. Reduktionsfaktorer, LENI-tal'!$S$12,INDEX('4. Reduktionsfaktorer, LENI-tal'!$H$33:$O$37,MATCH(M$27,'4. Reduktionsfaktorer, LENI-tal'!$H$33:$H$37,0),4), M$25='4. Reduktionsfaktorer, LENI-tal'!$T$12,INDEX('4. Reduktionsfaktorer, LENI-tal'!$H$38:$O$45,MATCH(M$27,'4. Reduktionsfaktorer, LENI-tal'!$H$38:$H$45,0),4)), "Fyll i byggnads- och rumstyp ovan")} -> Fyll i byggnads- och rumstyp ovan | N98: {=IFERROR(_xlfn.IFS(N$25='4. Reduktionsfaktorer, LENI-tal'!$Q$12,INDEX('4. Reduktionsfaktorer, LENI-tal'!$H$13:$O$23,MATCH(N$27,'4. Reduktionsfaktorer, LENI-tal'!$H$13:$H$23,0),4), N$25="SKOLA OCH RESTAURANG",INDEX('4. Reduktionsfaktorer, LENI-tal'!$H$24:$O$32,MATCH(N$27,'4. Reduktionsfaktorer, LENI-tal'!$H$24:$H$32,0),4), N$25='4. Reduktionsfaktorer, LENI-tal'!$S$12,INDEX('4. Reduktionsfaktorer, LENI-tal'!$H$33:$O$37,MATCH(N$27,'4. Reduktionsfaktorer, LENI-tal'!$H$33:$H$37,0),4), N$25='4. Reduktionsfaktorer, LENI-tal'!$T$12,INDEX('4. Reduktionsfaktorer, LENI-tal'!$H$38:$O$45,MATCH(N$27,'4. Reduktionsfaktorer, LENI-tal'!$H$38:$H$45,0),4)), "Fyll i byggnads- och rumstyp ovan")} -> Fyll i byggnads- och rumstyp ovan | O98: {=IFERROR(_xlfn.IFS(O$25='4. Reduktionsfaktorer, LENI-tal'!$Q$12,INDEX('4. Reduktionsfaktorer, LENI-tal'!$H$13:$O$23,MATCH(O$27,'4. Reduktionsfaktorer, LENI-tal'!$H$13:$H$23,0),4), O$25="SKOLA OCH RESTAURANG",INDEX('4. Reduktionsfaktorer, LENI-tal'!$H$24:$O$32,MATCH(O$27,'4. Reduktionsfaktorer, LENI-tal'!$H$24:$H$32,0),4), O$25='4. Reduktionsfaktorer, LENI-tal'!$S$12,INDEX('4. Reduktionsfaktorer, LENI-tal'!$H$33:$O$37,MATCH(O$27,'4. Reduktionsfaktorer, LENI-tal'!$H$33:$H$37,0),4), O$25='4. Reduktionsfaktorer, LENI-tal'!$T$12,INDEX('4. Reduktionsfaktorer, LENI-tal'!$H$38:$O$45,MATCH(O$27,'4. Reduktionsfaktorer, LENI-tal'!$H$38:$H$45,0),4)), "Fyll i byggnads- och rumstyp ovan")} -> Fyll i byggnads- och rumstyp ovan | P98: {=IFERROR(_xlfn.IFS(P$25='4. Reduktionsfaktorer, LENI-tal'!$Q$12,INDEX('4. Reduktionsfaktorer, LENI-tal'!$H$13:$O$23,MATCH(P$27,'4. Reduktionsfaktorer, LENI-tal'!$H$13:$H$23,0),4), P$25="SKOLA OCH RESTAURANG",INDEX('4. Reduktionsfaktorer, LENI-tal'!$H$24:$O$32,MATCH(P$27,'4. Reduktionsfaktorer, LENI-tal'!$H$24:$H$32,0),4), P$25='4. Reduktionsfaktorer, LENI-tal'!$S$12,INDEX('4. Reduktionsfaktorer, LENI-tal'!$H$33:$O$37,MATCH(P$27,'4. Reduktionsfaktorer, LENI-tal'!$H$33:$H$37,0),4), P$25='4. Reduktionsfaktorer, LENI-tal'!$T$12,INDEX('4. Reduktionsfaktorer, LENI-tal'!$H$38:$O$45,MATCH(P$27,'4. Reduktionsfaktorer, LENI-tal'!$H$38:$H$45,0),4)), "Fyll i byggnads- och rumstyp ovan")} -> Fyll i byggnads- och rumstyp ovan | ... R98: {=IFERROR(_xlfn.IFS(R$25='4. Reduktionsfaktorer, LENI-tal'!$Q$12,INDEX('4. Reduktionsfaktorer, LENI-tal'!$H$13:$O$23,MATCH(R$27,'4. Reduktionsfaktorer, LENI-tal'!$H$13:$H$23,0),4), R$25="SKOLA OCH RESTAURANG",INDEX('4. Reduktionsfaktorer, LENI-tal'!$H$24:$O$32,MATCH(R$27,'4. Reduktionsfaktorer, LENI-tal'!$H$24:$H$32,0),4), R$25='4. Reduktionsfaktorer, LENI-tal'!$S$12,INDEX('4. Reduktionsfaktorer, LENI-tal'!$H$33:$O$37,MATCH(R$27,'4. Reduktionsfaktorer, LENI-tal'!$H$33:$H$37,0),4), R$25='4. Reduktionsfaktorer, LENI-tal'!$T$12,INDEX('4. Reduktionsfaktorer, LENI-tal'!$H$38:$O$45,MATCH(R$27,'4. Reduktionsfaktorer, LENI-tal'!$H$38:$H$45,0),4)), "Fyll i byggnads- och rumstyp ovan")} -> Fyll i byggnads- och rumstyp ovan
B99: 2.8 | C99: Reduktionsfaktor dagsljusstyrning | I99: {=IFERROR(_xlfn.IFS(I$25='4. Reduktionsfaktorer, LENI-tal'!$Q$12,INDEX('4. Reduktionsfaktorer, LENI-tal'!$H$13:$O$23,MATCH(I$27,'4. Reduktionsfaktorer, LENI-tal'!$H$13:$H$23,0),5), I$25="SKOLA OCH RESTAURANG",INDEX('4. Reduktionsfaktorer, LENI-tal'!$H$24:$O$32,MATCH(I$27,'4. Reduktionsfaktorer, LENI-tal'!$H$24:$H$32,0),5), I$25='4. Reduktionsfaktorer, LENI-tal'!$S$12,INDEX('4. Reduktionsfaktorer, LENI-tal'!$H$33:$O$37,MATCH(I$27,'4. Reduktionsfaktorer, LENI-tal'!$H$33:$H$37,0),5), I$25='4. Reduktionsfaktorer, LENI-tal'!$T$12,INDEX('4. Reduktionsfaktorer, LENI-tal'!$H$38:$O$45,MATCH(I$27,'4. Reduktionsfaktorer, LENI-tal'!$H$38:$H$45,0),5)), "Fyll i byggnads- och rumstyp ovan")} -> Fyll i byggnads- och rumstyp ovan | J99: {=IFERROR(_xlfn.IFS(J$25='4. Reduktionsfaktorer, LENI-tal'!$Q$12,INDEX('4. Reduktionsfaktorer, LENI-tal'!$H$13:$O$23,MATCH(J$27,'4. Reduktionsfaktorer, LENI-tal'!$H$13:$H$23,0),5), J$25="SKOLA OCH RESTAURANG",INDEX('4. Reduktionsfaktorer, LENI-tal'!$H$24:$O$32,MATCH(J$27,'4. Reduktionsfaktorer, LENI-tal'!$H$24:$H$32,0),5), J$25='4. Reduktionsfaktorer, LENI-tal'!$S$12,INDEX('4. Reduktionsfaktorer, LENI-tal'!$H$33:$O$37,MATCH(J$27,'4. Reduktionsfaktorer, LENI-tal'!$H$33:$H$37,0),5), J$25='4. Reduktionsfaktorer, LENI-tal'!$T$12,INDEX('4. Reduktionsfaktorer, LENI-tal'!$H$38:$O$45,MATCH(J$27,'4. Reduktionsfaktorer, LENI-tal'!$H$38:$H$45,0),5)), "Fyll i byggnads- och rumstyp ovan")} -> Fyll i byggnads- och rumstyp ovan | K99: {=IFERROR(_xlfn.IFS(K$25='4. Reduktionsfaktorer, LENI-tal'!$Q$12,INDEX('4. Reduktionsfaktorer, LENI-tal'!$H$13:$O$23,MATCH(K$27,'4. Reduktionsfaktorer, LENI-tal'!$H$13:$H$23,0),5), K$25="SKOLA OCH RESTAURANG",INDEX('4. Reduktionsfaktorer, LENI-tal'!$H$24:$O$32,MATCH(K$27,'4. Reduktionsfaktorer, LENI-tal'!$H$24:$H$32,0),5), K$25='4. Reduktionsfaktorer, LENI-tal'!$S$12,INDEX('4. Reduktionsfaktorer, LENI-tal'!$H$33:$O$37,MATCH(K$27,'4. Reduktionsfaktorer, LENI-tal'!$H$33:$H$37,0),5), K$25='4. Reduktionsfaktorer, LENI-tal'!$T$12,INDEX('4. Reduktionsfaktorer, LENI-tal'!$H$38:$O$45,MATCH(K$27,'4. Reduktionsfaktorer, LENI-tal'!$H$38:$H$45,0),5)), "Fyll i byggnads- och rumstyp ovan")} -> Fyll i byggnads- och rumstyp ovan | L99: {=IFERROR(_xlfn.IFS(L$25='4. Reduktionsfaktorer, LENI-tal'!$Q$12,INDEX('4. Reduktionsfaktorer, LENI-tal'!$H$13:$O$23,MATCH(L$27,'4. Reduktionsfaktorer, LENI-tal'!$H$13:$H$23,0),5), L$25="SKOLA OCH RESTAURANG",INDEX('4. Reduktionsfaktorer, LENI-tal'!$H$24:$O$32,MATCH(L$27,'4. Reduktionsfaktorer, LENI-tal'!$H$24:$H$32,0),5), L$25='4. Reduktionsfaktorer, LENI-tal'!$S$12,INDEX('4. Reduktionsfaktorer, LENI-tal'!$H$33:$O$37,MATCH(L$27,'4. Reduktionsfaktorer, LENI-tal'!$H$33:$H$37,0),5), L$25='4. Reduktionsfaktorer, LENI-tal'!$T$12,INDEX('4. Reduktionsfaktorer, LENI-tal'!$H$38:$O$45,MATCH(L$27,'4. Reduktionsfaktorer, LENI-tal'!$H$38:$H$45,0),5)), "Fyll i byggnads- och rumstyp ovan")} -> Fyll i byggnads- och rumstyp ovan | M99: {=IFERROR(_xlfn.IFS(M$25='4. Reduktionsfaktorer, LENI-tal'!$Q$12,INDEX('4. Reduktionsfaktorer, LENI-tal'!$H$13:$O$23,MATCH(M$27,'4. Reduktionsfaktorer, LENI-tal'!$H$13:$H$23,0),5), M$25="SKOLA OCH RESTAURANG",INDEX('4. Reduktionsfaktorer, LENI-tal'!$H$24:$O$32,MATCH(M$27,'4. Reduktionsfaktorer, LENI-tal'!$H$24:$H$32,0),5), M$25='4. Reduktionsfaktorer, LENI-tal'!$S$12,INDEX('4. Reduktionsfaktorer, LENI-tal'!$H$33:$O$37,MATCH(M$27,'4. Reduktionsfaktorer, LENI-tal'!$H$33:$H$37,0),5), M$25='4. Reduktionsfaktorer, LENI-tal'!$T$12,INDEX('4. Reduktionsfaktorer, LENI-tal'!$H$38:$O$45,MATCH(M$27,'4. Reduktionsfaktorer, LENI-tal'!$H$38:$H$45,0),5)), "Fyll i byggnads- och rumstyp ovan")} -> Fyll i byggnads- och rumstyp ovan | N99: {=IFERROR(_xlfn.IFS(N$25='4. Reduktionsfaktorer, LENI-tal'!$Q$12,INDEX('4. Reduktionsfaktorer, LENI-tal'!$H$13:$O$23,MATCH(N$27,'4. Reduktionsfaktorer, LENI-tal'!$H$13:$H$23,0),5), N$25="SKOLA OCH RESTAURANG",INDEX('4. Reduktionsfaktorer, LENI-tal'!$H$24:$O$32,MATCH(N$27,'4. Reduktionsfaktorer, LENI-tal'!$H$24:$H$32,0),5), N$25='4. Reduktionsfaktorer, LENI-tal'!$S$12,INDEX('4. Reduktionsfaktorer, LENI-tal'!$H$33:$O$37,MATCH(N$27,'4. Reduktionsfaktorer, LENI-tal'!$H$33:$H$37,0),5), N$25='4. Reduktionsfaktorer, LENI-tal'!$T$12,INDEX('4. Reduktionsfaktorer, LENI-tal'!$H$38:$O$45,MATCH(N$27,'4. Reduktionsfaktorer, LENI-tal'!$H$38:$H$45,0),5)), "Fyll i byggnads- och rumstyp ovan")} -> Fyll i byggnads- och rumstyp ovan | O99: {=IFERROR(_xlfn.IFS(O$25='4. Reduktionsfaktorer, LENI-tal'!$Q$12,INDEX('4. Reduktionsfaktorer, LENI-tal'!$H$13:$O$23,MATCH(O$27,'4. Reduktionsfaktorer, LENI-tal'!$H$13:$H$23,0),5), O$25="SKOLA OCH RESTAURANG",INDEX('4. Reduktionsfaktorer, LENI-tal'!$H$24:$O$32,MATCH(O$27,'4. Reduktionsfaktorer, LENI-tal'!$H$24:$H$32,0),5), O$25='4. Reduktionsfaktorer, LENI-tal'!$S$12,INDEX('4. Reduktionsfaktorer, LENI-tal'!$H$33:$O$37,MATCH(O$27,'4. Reduktionsfaktorer, LENI-tal'!$H$33:$H$37,0),5), O$25='4. Reduktionsfaktorer, LENI-tal'!$T$12,INDEX('4. Reduktionsfaktorer, LENI-tal'!$H$38:$O$45,MATCH(O$27,'4. Reduktionsfaktorer, LENI-tal'!$H$38:$H$45,0),5)), "Fyll i byggnads- och rumstyp ovan")} -> Fyll i byggnads- och rumstyp ovan | P99: {=IFERROR(_xlfn.IFS(P$25='4. Reduktionsfaktorer, LENI-tal'!$Q$12,INDEX('4. Reduktionsfaktorer, LENI-tal'!$H$13:$O$23,MATCH(P$27,'4. Reduktionsfaktorer, LENI-tal'!$H$13:$H$23,0),5), P$25="SKOLA OCH RESTAURANG",INDEX('4. Reduktionsfaktorer, LENI-tal'!$H$24:$O$32,MATCH(P$27,'4. Reduktionsfaktorer, LENI-tal'!$H$24:$H$32,0),5), P$25='4. Reduktionsfaktorer, LENI-tal'!$S$12,INDEX('4. Reduktionsfaktorer, LENI-tal'!$H$33:$O$37,MATCH(P$27,'4. Reduktionsfaktorer, LENI-tal'!$H$33:$H$37,0),5), P$25='4. Reduktionsfaktorer, LENI-tal'!$T$12,INDEX('4. Reduktionsfaktorer, LENI-tal'!$H$38:$O$45,MATCH(P$27,'4. Reduktionsfaktorer, LENI-tal'!$H$38:$H$45,0),5)), "Fyll i byggnads- och rumstyp ovan")} -> Fyll i byggnads- och rumstyp ovan | ... R99: {=IFERROR(_xlfn.IFS(R$25='4. Reduktionsfaktorer, LENI-tal'!$Q$12,INDEX('4. Reduktionsfaktorer, LENI-tal'!$H$13:$O$23,MATCH(R$27,'4. Reduktionsfaktorer, LENI-tal'!$H$13:$H$23,0),5), R$25="SKOLA OCH RESTAURANG",INDEX('4. Reduktionsfaktorer, LENI-tal'!$H$24:$O$32,MATCH(R$27,'4. Reduktionsfaktorer, LENI-tal'!$H$24:$H$32,0),5), R$25='4. Reduktionsfaktorer, LENI-tal'!$S$12,INDEX('4. Reduktionsfaktorer, LENI-tal'!$H$33:$O$37,MATCH(R$27,'4. Reduktionsfaktorer, LENI-tal'!$H$33:$H$37,0),5), R$25='4. Reduktionsfaktorer, LENI-tal'!$T$12,INDEX('4. Reduktionsfaktorer, LENI-tal'!$H$38:$O$45,MATCH(R$27,'4. Reduktionsfaktorer, LENI-tal'!$H$38:$H$45,0),5)), "Fyll i byggnads- och rumstyp ovan")} -> Fyll i byggnads- och rumstyp ovan
B100: 2.9 | C100: Total reduktionsfaktor för styrning | I100: =IF(IF(I96=$I$238,I97,IF(I96=$I$239,I97*I98,IF(I96=$I$240,I97*I98*I99,1)))=0,"Fyll i 2.6-2.8",IF(I96=$I$238,I97,IF(I96=$I$239,I97*I98,IF(I96=$I$240,I97*I98*I99,1)))) -> 1 | J100: =IF(IF(J96=$I$238,J97,IF(J96=$I$239,J97*J98,IF(J96=$I$240,J97*J98*J99,1)))=0,"Fyll i 2.6-2.8",IF(J96=$I$238,J97,IF(J96=$I$239,J97*J98,IF(J96=$I$240,J97*J98*J99,1)))) -> 1 | K100: =IF(IF(K96=$I$238,K97,IF(K96=$I$239,K97*K98,IF(K96=$I$240,K97*K98*K99,1)))=0,"Fyll i 2.6-2.8",IF(K96=$I$238,K97,IF(K96=$I$239,K97*K98,IF(K96=$I$240,K97*K98*K99,1)))) -> 1 | L100: =IF(IF(L96=$I$238,L97,IF(L96=$I$239,L97*L98,IF(L96=$I$240,L97*L98*L99,1)))=0,"Fyll i 2.6-2.8",IF(L96=$I$238,L97,IF(L96=$I$239,L97*L98,IF(L96=$I$240,L97*L98*L99,1)))) -> 1 | M100: =IF(IF(M96=$I$238,M97,IF(M96=$I$239,M97*M98,IF(M96=$I$240,M97*M98*M99,1)))=0,"Fyll i 2.6-2.8",IF(M96=$I$238,M97,IF(M96=$I$239,M97*M98,IF(M96=$I$240,M97*M98*M99,1)))) -> 1 | N100: =IF(IF(N96=$I$238,N97,IF(N96=$I$239,N97*N98,IF(N96=$I$240,N97*N98*N99,1)))=0,"Fyll i 2.6-2.8",IF(N96=$I$238,N97,IF(N96=$I$239,N97*N98,IF(N96=$I$240,N97*N98*N99,1)))) -> 1 | O100: =IF(IF(O96=$I$238,O97,IF(O96=$I$239,O97*O98,IF(O96=$I$240,O97*O98*O99,1)))=0,"Fyll i 2.6-2.8",IF(O96=$I$238,O97,IF(O96=$I$239,O97*O98,IF(O96=$I$240,O97*O98*O99,1)))) -> 1 | P100: =IF(IF(P96=$I$238,P97,IF(P96=$I$239,P97*P98,IF(P96=$I$240,P97*P98*P99,1)))=0,"Fyll i 2.6-2.8",IF(P96=$I$238,P97,IF(P96=$I$239,P97*P98,IF(P96=$I$240,P97*P98*P99,1)))) -> 1 | ... R100: =IF(IF(R96=$I$238,R97,IF(R96=$I$239,R97*R98,IF(R96=$I$240,R97*R98*R99,1)))=0,"Fyll i 2.6-2.8",IF(R96=$I$238,R97,IF(R96=$I$239,R97*R98,IF(R96=$I$240,R97*R98*R99,1)))) -> 1
B101: 2.10 | C101: Underhållskostnader | H101: kr/år
C103: ARMATURTYP 7
B104: 2.1 | C104: Antal armaturer | H104: stk
B105: 2.2 | C105: Armaturpris | H105: kr/stk
B106: 2.3 | C106: Material- och arbetskostnader armatur | H106: kr/stk
B107: 2.4 | C107: Effekt per armatur, inkl. driftsförluster | H107: W/stk
B108: 2.5 | C108: Typ av styrning | I108: Ingen | J108: Ingen | K108: Ingen | L108: Ingen | M108: Ingen | N108: Ingen | O108: Ingen | P108: Ingen | Q108: Ingen | R108: Ingen
B109: 2.6 | C109: Reduktionsfaktor manuell styrning | I109: {=IFERROR(_xlfn.IFS(I$25='4. Reduktionsfaktorer, LENI-tal'!$Q$12,INDEX('4. Reduktionsfaktorer, LENI-tal'!$H$13:$O$23,MATCH(I$27,'4. Reduktionsfaktorer, LENI-tal'!$H$13:$H$23,0),3), I$25="SKOLA OCH RESTAURANG",INDEX('4. Reduktionsfaktorer, LENI-tal'!$H$24:$O$32,MATCH(I$27,'4. Reduktionsfaktorer, LENI-tal'!$H$24:$H$32,0),3), I$25='4. Reduktionsfaktorer, LENI-tal'!$S$12,INDEX('4. Reduktionsfaktorer, LENI-tal'!$H$33:$O$37,MATCH(I$27,'4. Reduktionsfaktorer, LENI-tal'!$H$33:$H$37,0),3), I$25='4. Reduktionsfaktorer, LENI-tal'!$T$12,INDEX('4. Reduktionsfaktorer, LENI-tal'!$H$38:$O$45,MATCH(I$27,'4. Reduktionsfaktorer, LENI-tal'!$H$38:$H$45,0),3)), "Fyll i byggnads- och rumstyp ovan")} -> Fyll i byggnads- och rumstyp ovan | J109: {=IFERROR(_xlfn.IFS(J$25='4. Reduktionsfaktorer, LENI-tal'!$Q$12,INDEX('4. Reduktionsfaktorer, LENI-tal'!$H$13:$O$23,MATCH(J$27,'4. Reduktionsfaktorer, LENI-tal'!$H$13:$H$23,0),3), J$25="SKOLA OCH RESTAURANG",INDEX('4. Reduktionsfaktorer, LENI-tal'!$H$24:$O$32,MATCH(J$27,'4. Reduktionsfaktorer, LENI-tal'!$H$24:$H$32,0),3), J$25='4. Reduktionsfaktorer, LENI-tal'!$S$12,INDEX('4. Reduktionsfaktorer, LENI-tal'!$H$33:$O$37,MATCH(J$27,'4. Reduktionsfaktorer, LENI-tal'!$H$33:$H$37,0),3), J$25='4. Reduktionsfaktorer, LENI-tal'!$T$12,INDEX('4. Reduktionsfaktorer, LENI-tal'!$H$38:$O$45,MATCH(J$27,'4. Reduktionsfaktorer, LENI-tal'!$H$38:$H$45,0),3)), "Fyll i byggnads- och rumstyp ovan")} -> Fyll i byggnads- och rumstyp ovan | K109: {=IFERROR(_xlfn.IFS(K$25='4. Reduktionsfaktorer, LENI-tal'!$Q$12,INDEX('4. Reduktionsfaktorer, LENI-tal'!$H$13:$O$23,MATCH(K$27,'4. Reduktionsfaktorer, LENI-tal'!$H$13:$H$23,0),3), K$25="SKOLA OCH RESTAURANG",INDEX('4. Reduktionsfaktorer, LENI-tal'!$H$24:$O$32,MATCH(K$27,'4. Reduktionsfaktorer, LENI-tal'!$H$24:$H$32,0),3), K$25='4. Reduktionsfaktorer, LENI-tal'!$S$12,INDEX('4. Reduktionsfaktorer, LENI-tal'!$H$33:$O$37,MATCH(K$27,'4. Reduktionsfaktorer, LENI-tal'!$H$33:$H$37,0),3), K$25='4. Reduktionsfaktorer, LENI-tal'!$T$12,INDEX('4. Reduktionsfaktorer, LENI-tal'!$H$38:$O$45,MATCH(K$27,'4. Reduktionsfaktorer, LENI-tal'!$H$38:$H$45,0),3)), "Fyll i byggnads- och rumstyp ovan")} -> Fyll i byggnads- och rumstyp ovan | L109: {=IFERROR(_xlfn.IFS(L$25='4. Reduktionsfaktorer, LENI-tal'!$Q$12,INDEX('4. Reduktionsfaktorer, LENI-tal'!$H$13:$O$23,MATCH(L$27,'4. Reduktionsfaktorer, LENI-tal'!$H$13:$H$23,0),3), L$25="SKOLA OCH RESTAURANG",INDEX('4. Reduktionsfaktorer, LENI-tal'!$H$24:$O$32,MATCH(L$27,'4. Reduktionsfaktorer, LENI-tal'!$H$24:$H$32,0),3), L$25='4. Reduktionsfaktorer, LENI-tal'!$S$12,INDEX('4. Reduktionsfaktorer, LENI-tal'!$H$33:$O$37,MATCH(L$27,'4. Reduktionsfaktorer, LENI-tal'!$H$33:$H$37,0),3), L$25='4. Reduktionsfaktorer, LENI-tal'!$T$12,INDEX('4. Reduktionsfaktorer, LENI-tal'!$H$38:$O$45,MATCH(L$27,'4. Reduktionsfaktorer, LENI-tal'!$H$38:$H$45,0),3)), "Fyll i byggnads- och rumstyp ovan")} -> Fyll i byggnads- och rumstyp ovan | M109: {=IFERROR(_xlfn.IFS(M$25='4. Reduktionsfaktorer, LENI-tal'!$Q$12,INDEX('4. Reduktionsfaktorer, LENI-tal'!$H$13:$O$23,MATCH(M$27,'4. Reduktionsfaktorer, LENI-tal'!$H$13:$H$23,0),3), M$25="SKOLA OCH RESTAURANG",INDEX('4. Reduktionsfaktorer, LENI-tal'!$H$24:$O$32,MATCH(M$27,'4. Reduktionsfaktorer, LENI-tal'!$H$24:$H$32,0),3), M$25='4. Reduktionsfaktorer, LENI-tal'!$S$12,INDEX('4. Reduktionsfaktorer, LENI-tal'!$H$33:$O$37,MATCH(M$27,'4. Reduktionsfaktorer, LENI-tal'!$H$33:$H$37,0),3), M$25='4. Reduktionsfaktorer, LENI-tal'!$T$12,INDEX('4. Reduktionsfaktorer, LENI-tal'!$H$38:$O$45,MATCH(M$27,'4. Reduktionsfaktorer, LENI-tal'!$H$38:$H$45,0),3)), "Fyll i byggnads- och rumstyp ovan")} -> Fyll i byggnads- och rumstyp ovan | N109: {=IFERROR(_xlfn.IFS(N$25='4. Reduktionsfaktorer, LENI-tal'!$Q$12,INDEX('4. Reduktionsfaktorer, LENI-tal'!$H$13:$O$23,MATCH(N$27,'4. Reduktionsfaktorer, LENI-tal'!$H$13:$H$23,0),3), N$25="SKOLA OCH RESTAURANG",INDEX('4. Reduktionsfaktorer, LENI-tal'!$H$24:$O$32,MATCH(N$27,'4. Reduktionsfaktorer, LENI-tal'!$H$24:$H$32,0),3), N$25='4. Reduktionsfaktorer, LENI-tal'!$S$12,INDEX('4. Reduktionsfaktorer, LENI-tal'!$H$33:$O$37,MATCH(N$27,'4. Reduktionsfaktorer, LENI-tal'!$H$33:$H$37,0),3), N$25='4. Reduktionsfaktorer, LENI-tal'!$T$12,INDEX('4. Reduktionsfaktorer, LENI-tal'!$H$38:$O$45,MATCH(N$27,'4. Reduktionsfaktorer, LENI-tal'!$H$38:$H$45,0),3)), "Fyll i byggnads- och rumstyp ovan")} -> Fyll i byggnads- och rumstyp ovan | O109: {=IFERROR(_xlfn.IFS(O$25='4. Reduktionsfaktorer, LENI-tal'!$Q$12,INDEX('4. Reduktionsfaktorer, LENI-tal'!$H$13:$O$23,MATCH(O$27,'4. Reduktionsfaktorer, LENI-tal'!$H$13:$H$23,0),3), O$25="SKOLA OCH RESTAURANG",INDEX('4. Reduktionsfaktorer, LENI-tal'!$H$24:$O$32,MATCH(O$27,'4. Reduktionsfaktorer, LENI-tal'!$H$24:$H$32,0),3), O$25='4. Reduktionsfaktorer, LENI-tal'!$S$12,INDEX('4. Reduktionsfaktorer, LENI-tal'!$H$33:$O$37,MATCH(O$27,'4. Reduktionsfaktorer, LENI-tal'!$H$33:$H$37,0),3), O$25='4. Reduktionsfaktorer, LENI-tal'!$T$12,INDEX('4. Reduktionsfaktorer, LENI-tal'!$H$38:$O$45,MATCH(O$27,'4. Reduktionsfaktorer, LENI-tal'!$H$38:$H$45,0),3)), "Fyll i byggnads- och rumstyp ovan")} -> Fyll i byggnads- och rumstyp ovan | P109: {=IFERROR(_xlfn.IFS(P$25='4. Reduktionsfaktorer, LENI-tal'!$Q$12,INDEX('4. Reduktionsfaktorer, LENI-tal'!$H$13:$O$23,MATCH(P$27,'4. Reduktionsfaktorer, LENI-tal'!$H$13:$H$23,0),3), P$25="SKOLA OCH RESTAURANG",INDEX('4. Reduktionsfaktorer, LENI-tal'!$H$24:$O$32,MATCH(P$27,'4. Reduktionsfaktorer, LENI-tal'!$H$24:$H$32,0),3), P$25='4. Reduktionsfaktorer, LENI-tal'!$S$12,INDEX('4. Reduktionsfaktorer, LENI-tal'!$H$33:$O$37,MATCH(P$27,'4. Reduktionsfaktorer, LENI-tal'!$H$33:$H$37,0),3), P$25='4. Reduktionsfaktorer, LENI-tal'!$T$12,INDEX('4. Reduktionsfaktorer, LENI-tal'!$H$38:$O$45,MATCH(P$27,'4. Reduktionsfaktorer, LENI-tal'!$H$38:$H$45,0),3)), "Fyll i byggnads- och rumstyp ovan")} -> Fyll i byggnads- och rumstyp ovan | ... R109: {=IFERROR(_xlfn.IFS(R$25='4. Reduktionsfaktorer, LENI-tal'!$Q$12,INDEX('4. Reduktionsfaktorer, LENI-tal'!$H$13:$O$23,MATCH(R$27,'4. Reduktionsfaktorer, LENI-tal'!$H$13:$H$23,0),3), R$25="SKOLA OCH RESTAURANG",INDEX('4. Reduktionsfaktorer, LENI-tal'!$H$24:$O$32,MATCH(R$27,'4. Reduktionsfaktorer, LENI-tal'!$H$24:$H$32,0),3), R$25='4. Reduktionsfaktorer, LENI-tal'!$S$12,INDEX('4. Reduktionsfaktorer, LENI-tal'!$H$33:$O$37,MATCH(R$27,'4. Reduktionsfaktorer, LENI-tal'!$H$33:$H$37,0),3), R$25='4. Reduktionsfaktorer, LENI-tal'!$T$12,INDEX('4. Reduktionsfaktorer, LENI-tal'!$H$38:$O$45,MATCH(R$27,'4. Reduktionsfaktorer, LENI-tal'!$H$38:$H$45,0),3)), "Fyll i byggnads- och rumstyp ovan")} -> Fyll i byggnads- och rumstyp ovan
B110: 2.7 | C110: Reduktionsfaktor närvaro-/frånvarostyrning | I110: {=IFERROR(_xlfn.IFS(I$25='4. Reduktionsfaktorer, LENI-tal'!$Q$12,INDEX('4. Reduktionsfaktorer, LENI-tal'!$H$13:$O$23,MATCH(I$27,'4. Reduktionsfaktorer, LENI-tal'!$H$13:$H$23,0),4), I$25="SKOLA OCH RESTAURANG",INDEX('4. Reduktionsfaktorer, LENI-tal'!$H$24:$O$32,MATCH(I$27,'4. Reduktionsfaktorer, LENI-tal'!$H$24:$H$32,0),4), I$25='4. Reduktionsfaktorer, LENI-tal'!$S$12,INDEX('4. Reduktionsfaktorer, LENI-tal'!$H$33:$O$37,MATCH(I$27,'4. Reduktionsfaktorer, LENI-tal'!$H$33:$H$37,0),4), I$25='4. Reduktionsfaktorer, LENI-tal'!$T$12,INDEX('4. Reduktionsfaktorer, LENI-tal'!$H$38:$O$45,MATCH(I$27,'4. Reduktionsfaktorer, LENI-tal'!$H$38:$H$45,0),4)), "Fyll i byggnads- och rumstyp ovan")} -> Fyll i byggnads- och rumstyp ovan | J110: {=IFERROR(_xlfn.IFS(J$25='4. Reduktionsfaktorer, LENI-tal'!$Q$12,INDEX('4. Reduktionsfaktorer, LENI-tal'!$H$13:$O$23,MATCH(J$27,'4. Reduktionsfaktorer, LENI-tal'!$H$13:$H$23,0),4), J$25="SKOLA OCH RESTAURANG",INDEX('4. Reduktionsfaktorer, LENI-tal'!$H$24:$O$32,MATCH(J$27,'4. Reduktionsfaktorer, LENI-tal'!$H$24:$H$32,0),4), J$25='4. Reduktionsfaktorer, LENI-tal'!$S$12,INDEX('4. Reduktionsfaktorer, LENI-tal'!$H$33:$O$37,MATCH(J$27,'4. Reduktionsfaktorer, LENI-tal'!$H$33:$H$37,0),4), J$25='4. Reduktionsfaktorer, LENI-tal'!$T$12,INDEX('4. Reduktionsfaktorer, LENI-tal'!$H$38:$O$45,MATCH(J$27,'4. Reduktionsfaktorer, LENI-tal'!$H$38:$H$45,0),4)), "Fyll i byggnads- och rumstyp ovan")} -> Fyll i byggnads- och rumstyp ovan | K110: {=IFERROR(_xlfn.IFS(K$25='4. Reduktionsfaktorer, LENI-tal'!$Q$12,INDEX('4. Reduktionsfaktorer, LENI-tal'!$H$13:$O$23,MATCH(K$27,'4. Reduktionsfaktorer, LENI-tal'!$H$13:$H$23,0),4), K$25="SKOLA OCH RESTAURANG",INDEX('4. Reduktionsfaktorer, LENI-tal'!$H$24:$O$32,MATCH(K$27,'4. Reduktionsfaktorer, LENI-tal'!$H$24:$H$32,0),4), K$25='4. Reduktionsfaktorer, LENI-tal'!$S$12,INDEX('4. Reduktionsfaktorer, LENI-tal'!$H$33:$O$37,MATCH(K$27,'4. Reduktionsfaktorer, LENI-tal'!$H$33:$H$37,0),4), K$25='4. Reduktionsfaktorer, LENI-tal'!$T$12,INDEX('4. Reduktionsfaktorer, LENI-tal'!$H$38:$O$45,MATCH(K$27,'4. Reduktionsfaktorer, LENI-tal'!$H$38:$H$45,0),4)), "Fyll i byggnads- och rumstyp ovan")} -> Fyll i byggnads- och rumstyp ovan | L110: {=IFERROR(_xlfn.IFS(L$25='4. Reduktionsfaktorer, LENI-tal'!$Q$12,INDEX('4. Reduktionsfaktorer, LENI-tal'!$H$13:$O$23,MATCH(L$27,'4. Reduktionsfaktorer, LENI-tal'!$H$13:$H$23,0),4), L$25="SKOLA OCH RESTAURANG",INDEX('4. Reduktionsfaktorer, LENI-tal'!$H$24:$O$32,MATCH(L$27,'4. Reduktionsfaktorer, LENI-tal'!$H$24:$H$32,0),4), L$25='4. Reduktionsfaktorer, LENI-tal'!$S$12,INDEX('4. Reduktionsfaktorer, LENI-tal'!$H$33:$O$37,MATCH(L$27,'4. Reduktionsfaktorer, LENI-tal'!$H$33:$H$37,0),4), L$25='4. Reduktionsfaktorer, LENI-tal'!$T$12,INDEX('4. Reduktionsfaktorer, LENI-tal'!$H$38:$O$45,MATCH(L$27,'4. Reduktionsfaktorer, LENI-tal'!$H$38:$H$45,0),4)), "Fyll i byggnads- och rumstyp ovan")} -> Fyll i byggnads- och rumstyp ovan | M110: {=IFERROR(_xlfn.IFS(M$25='4. Reduktionsfaktorer, LENI-tal'!$Q$12,INDEX('4. Reduktionsfaktorer, LENI-tal'!$H$13:$O$23,MATCH(M$27,'4. Reduktionsfaktorer, LENI-tal'!$H$13:$H$23,0),4), M$25="SKOLA OCH RESTAURANG",INDEX('4. Reduktionsfaktorer, LENI-tal'!$H$24:$O$32,MATCH(M$27,'4. Reduktionsfaktorer, LENI-tal'!$H$24:$H$32,0),4), M$25='4. Reduktionsfaktorer, LENI-tal'!$S$12,INDEX('4. Reduktionsfaktorer, LENI-tal'!$H$33:$O$37,MATCH(M$27,'4. Reduktionsfaktorer, LENI-tal'!$H$33:$H$37,0),4), M$25='4. Reduktionsfaktorer, LENI-tal'!$T$12,INDEX('4. Reduktionsfaktorer, LENI-tal'!$H$38:$O$45,MATCH(M$27,'4. Reduktionsfaktorer, LENI-tal'!$H$38:$H$45,0),4)), "Fyll i byggnads- och rumstyp ovan")} -> Fyll i byggnads- och rumstyp ovan | N110: {=IFERROR(_xlfn.IFS(N$25='4. Reduktionsfaktorer, LENI-tal'!$Q$12,INDEX('4. Reduktionsfaktorer, LENI-tal'!$H$13:$O$23,MATCH(N$27,'4. Reduktionsfaktorer, LENI-tal'!$H$13:$H$23,0),4), N$25="SKOLA OCH RESTAURANG",INDEX('4. Reduktionsfaktorer, LENI-tal'!$H$24:$O$32,MATCH(N$27,'4. Reduktionsfaktorer, LENI-tal'!$H$24:$H$32,0),4), N$25='4. Reduktionsfaktorer, LENI-tal'!$S$12,INDEX('4. Reduktionsfaktorer, LENI-tal'!$H$33:$O$37,MATCH(N$27,'4. Reduktionsfaktorer, LENI-tal'!$H$33:$H$37,0),4), N$25='4. Reduktionsfaktorer, LENI-tal'!$T$12,INDEX('4. Reduktionsfaktorer, LENI-tal'!$H$38:$O$45,MATCH(N$27,'4. Reduktionsfaktorer, LENI-tal'!$H$38:$H$45,0),4)), "Fyll i byggnads- och rumstyp ovan")} -> Fyll i byggnads- och rumstyp ovan | O110: {=IFERROR(_xlfn.IFS(O$25='4. Reduktionsfaktorer, LENI-tal'!$Q$12,INDEX('4. Reduktionsfaktorer, LENI-tal'!$H$13:$O$23,MATCH(O$27,'4. Reduktionsfaktorer, LENI-tal'!$H$13:$H$23,0),4), O$25="SKOLA OCH RESTAURANG",INDEX('4. Reduktionsfaktorer, LENI-tal'!$H$24:$O$32,MATCH(O$27,'4. Reduktionsfaktorer, LENI-tal'!$H$24:$H$32,0),4), O$25='4. Reduktionsfaktorer, LENI-tal'!$S$12,INDEX('4. Reduktionsfaktorer, LENI-tal'!$H$33:$O$37,MATCH(O$27,'4. Reduktionsfaktorer, LENI-tal'!$H$33:$H$37,0),4), O$25='4. Reduktionsfaktorer, LENI-tal'!$T$12,INDEX('4. Reduktionsfaktorer, LENI-tal'!$H$38:$O$45,MATCH(O$27,'4. Reduktionsfaktorer, LENI-tal'!$H$38:$H$45,0),4)), "Fyll i byggnads- och rumstyp ovan")} -> Fyll i byggnads- och rumstyp ovan | P110: {=IFERROR(_xlfn.IFS(P$25='4. Reduktionsfaktorer, LENI-tal'!$Q$12,INDEX('4. Reduktionsfaktorer, LENI-tal'!$H$13:$O$23,MATCH(P$27,'4. Reduktionsfaktorer, LENI-tal'!$H$13:$H$23,0),4), P$25="SKOLA OCH RESTAURANG",INDEX('4. Reduktionsfaktorer, LENI-tal'!$H$24:$O$32,MATCH(P$27,'4. Reduktionsfaktorer, LENI-tal'!$H$24:$H$32,0),4), P$25='4. Reduktionsfaktorer, LENI-tal'!$S$12,INDEX('4. Reduktionsfaktorer, LENI-tal'!$H$33:$O$37,MATCH(P$27,'4. Reduktionsfaktorer, LENI-tal'!$H$33:$H$37,0),4), P$25='4. Reduktionsfaktorer, LENI-tal'!$T$12,INDEX('4. Reduktionsfaktorer, LENI-tal'!$H$38:$O$45,MATCH(P$27,'4. Reduktionsfaktorer, LENI-tal'!$H$38:$H$45,0),4)), "Fyll i byggnads- och rumstyp ovan")} -> Fyll i byggnads- och rumstyp ovan | ... R110: {=IFERROR(_xlfn.IFS(R$25='4. Reduktionsfaktorer, LENI-tal'!$Q$12,INDEX('4. Reduktionsfaktorer, LENI-tal'!$H$13:$O$23,MATCH(R$27,'4. Reduktionsfaktorer, LENI-tal'!$H$13:$H$23,0),4), R$25="SKOLA OCH RESTAURANG",INDEX('4. Reduktionsfaktorer, LENI-tal'!$H$24:$O$32,MATCH(R$27,'4. Reduktionsfaktorer, LENI-tal'!$H$24:$H$32,0),4), R$25='4. Reduktionsfaktorer, LENI-tal'!$S$12,INDEX('4. Reduktionsfaktorer, LENI-tal'!$H$33:$O$37,MATCH(R$27,'4. Reduktionsfaktorer, LENI-tal'!$H$33:$H$37,0),4), R$25='4. Reduktionsfaktorer, LENI-tal'!$T$12,INDEX('4. Reduktionsfaktorer, LENI-tal'!$H$38:$O$45,MATCH(R$27,'4. Reduktionsfaktorer, LENI-tal'!$H$38:$H$45,0),4)), "Fyll i byggnads- och rumstyp ovan")} -> Fyll i byggnads- och rumstyp ovan
B111: 2.8 | C111: Reduktionsfaktor dagsljusstyrning | I111: {=IFERROR(_xlfn.IFS(I$25='4. Reduktionsfaktorer, LENI-tal'!$Q$12,INDEX('4. Reduktionsfaktorer, LENI-tal'!$H$13:$O$23,MATCH(I$27,'4. Reduktionsfaktorer, LENI-tal'!$H$13:$H$23,0),5), I$25="SKOLA OCH RESTAURANG",INDEX('4. Reduktionsfaktorer, LENI-tal'!$H$24:$O$32,MATCH(I$27,'4. Reduktionsfaktorer, LENI-tal'!$H$24:$H$32,0),5), I$25='4. Reduktionsfaktorer, LENI-tal'!$S$12,INDEX('4. Reduktionsfaktorer, LENI-tal'!$H$33:$O$37,MATCH(I$27,'4. Reduktionsfaktorer, LENI-tal'!$H$33:$H$37,0),5), I$25='4. Reduktionsfaktorer, LENI-tal'!$T$12,INDEX('4. Reduktionsfaktorer, LENI-tal'!$H$38:$O$45,MATCH(I$27,'4. Reduktionsfaktorer, LENI-tal'!$H$38:$H$45,0),5)), "Fyll i byggnads- och rumstyp ovan")} -> Fyll i byggnads- och rumstyp ovan | J111: {=IFERROR(_xlfn.IFS(J$25='4. Reduktionsfaktorer, LENI-tal'!$Q$12,INDEX('4. Reduktionsfaktorer, LENI-tal'!$H$13:$O$23,MATCH(J$27,'4. Reduktionsfaktorer, LENI-tal'!$H$13:$H$23,0),5), J$25="SKOLA OCH RESTAURANG",INDEX('4. Reduktionsfaktorer, LENI-tal'!$H$24:$O$32,MATCH(J$27,'4. Reduktionsfaktorer, LENI-tal'!$H$24:$H$32,0),5), J$25='4. Reduktionsfaktorer, LENI-tal'!$S$12,INDEX('4. Reduktionsfaktorer, LENI-tal'!$H$33:$O$37,MATCH(J$27,'4. Reduktionsfaktorer, LENI-tal'!$H$33:$H$37,0),5), J$25='4. Reduktionsfaktorer, LENI-tal'!$T$12,INDEX('4. Reduktionsfaktorer, LENI-tal'!$H$38:$O$45,MATCH(J$27,'4. Reduktionsfaktorer, LENI-tal'!$H$38:$H$45,0),5)), "Fyll i byggnads- och rumstyp ovan")} -> Fyll i byggnads- och rumstyp ovan | K111: {=IFERROR(_xlfn.IFS(K$25='4. Reduktionsfaktorer, LENI-tal'!$Q$12,INDEX('4. Reduktionsfaktorer, LENI-tal'!$H$13:$O$23,MATCH(K$27,'4. Reduktionsfaktorer, LENI-tal'!$H$13:$H$23,0),5), K$25="SKOLA OCH RESTAURANG",INDEX('4. Reduktionsfaktorer, LENI-tal'!$H$24:$O$32,MATCH(K$27,'4. Reduktionsfaktorer, LENI-tal'!$H$24:$H$32,0),5), K$25='4. Reduktionsfaktorer, LENI-tal'!$S$12,INDEX('4. Reduktionsfaktorer, LENI-tal'!$H$33:$O$37,MATCH(K$27,'4. Reduktionsfaktorer, LENI-tal'!$H$33:$H$37,0),5), K$25='4. Reduktionsfaktorer, LENI-tal'!$T$12,INDEX('4. Reduktionsfaktorer, LENI-tal'!$H$38:$O$45,MATCH(K$27,'4. Reduktionsfaktorer, LENI-tal'!$H$38:$H$45,0),5)), "Fyll i byggnads- och rumstyp ovan")} -> Fyll i byggnads- och rumstyp ovan | L111: {=IFERROR(_xlfn.IFS(L$25='4. Reduktionsfaktorer, LENI-tal'!$Q$12,INDEX('4. Reduktionsfaktorer, LENI-tal'!$H$13:$O$23,MATCH(L$27,'4. Reduktionsfaktorer, LENI-tal'!$H$13:$H$23,0),5), L$25="SKOLA OCH RESTAURANG",INDEX('4. Reduktionsfaktorer, LENI-tal'!$H$24:$O$32,MATCH(L$27,'4. Reduktionsfaktorer, LENI-tal'!$H$24:$H$32,0),5), L$25='4. Reduktionsfaktorer, LENI-tal'!$S$12,INDEX('4. Reduktionsfaktorer, LENI-tal'!$H$33:$O$37,MATCH(L$27,'4. Reduktionsfaktorer, LENI-tal'!$H$33:$H$37,0),5), L$25='4. Reduktionsfaktorer, LENI-tal'!$T$12,INDEX('4. Reduktionsfaktorer, LENI-tal'!$H$38:$O$45,MATCH(L$27,'4. Reduktionsfaktorer, LENI-tal'!$H$38:$H$45,0),5)), "Fyll i byggnads- och rumstyp ovan")} -> Fyll i byggnads- och rumstyp ovan | M111: {=IFERROR(_xlfn.IFS(M$25='4. Reduktionsfaktorer, LENI-tal'!$Q$12,INDEX('4. Reduktionsfaktorer, LENI-tal'!$H$13:$O$23,MATCH(M$27,'4. Reduktionsfaktorer, LENI-tal'!$H$13:$H$23,0),5), M$25="SKOLA OCH RESTAURANG",INDEX('4. Reduktionsfaktorer, LENI-tal'!$H$24:$O$32,MATCH(M$27,'4. Reduktionsfaktorer, LENI-tal'!$H$24:$H$32,0),5), M$25='4. Reduktionsfaktorer, LENI-tal'!$S$12,INDEX('4. Reduktionsfaktorer, LENI-tal'!$H$33:$O$37,MATCH(M$27,'4. Reduktionsfaktorer, LENI-tal'!$H$33:$H$37,0),5), M$25='4. Reduktionsfaktorer, LENI-tal'!$T$12,INDEX('4. Reduktionsfaktorer, LENI-tal'!$H$38:$O$45,MATCH(M$27,'4. Reduktionsfaktorer, LENI-tal'!$H$38:$H$45,0),5)), "Fyll i byggnads- och rumstyp ovan")} -> Fyll i byggnads- och rumstyp ovan | N111: {=IFERROR(_xlfn.IFS(N$25='4. Reduktionsfaktorer, LENI-tal'!$Q$12,INDEX('4. Reduktionsfaktorer, LENI-tal'!$H$13:$O$23,MATCH(N$27,'4. Reduktionsfaktorer, LENI-tal'!$H$13:$H$23,0),5), N$25="SKOLA OCH RESTAURANG",INDEX('4. Reduktionsfaktorer, LENI-tal'!$H$24:$O$32,MATCH(N$27,'4. Reduktionsfaktorer, LENI-tal'!$H$24:$H$32,0),5), N$25='4. Reduktionsfaktorer, LENI-tal'!$S$12,INDEX('4. Reduktionsfaktorer, LENI-tal'!$H$33:$O$37,MATCH(N$27,'4. Reduktionsfaktorer, LENI-tal'!$H$33:$H$37,0),5), N$25='4. Reduktionsfaktorer, LENI-tal'!$T$12,INDEX('4. Reduktionsfaktorer, LENI-tal'!$H$38:$O$45,MATCH(N$27,'4. Reduktionsfaktorer, LENI-tal'!$H$38:$H$45,0),5)), "Fyll i byggnads- och rumstyp ovan")} -> Fyll i byggnads- och rumstyp ovan | O111: {=IFERROR(_xlfn.IFS(O$25='4. Reduktionsfaktorer, LENI-tal'!$Q$12,INDEX('4. Reduktionsfaktorer, LENI-tal'!$H$13:$O$23,MATCH(O$27,'4. Reduktionsfaktorer, LENI-tal'!$H$13:$H$23,0),5), O$25="SKOLA OCH RESTAURANG",INDEX('4. Reduktionsfaktorer, LENI-tal'!$H$24:$O$32,MATCH(O$27,'4. Reduktionsfaktorer, LENI-tal'!$H$24:$H$32,0),5), O$25='4. Reduktionsfaktorer, LENI-tal'!$S$12,INDEX('4. Reduktionsfaktorer, LENI-tal'!$H$33:$O$37,MATCH(O$27,'4. Reduktionsfaktorer, LENI-tal'!$H$33:$H$37,0),5), O$25='4. Reduktionsfaktorer, LENI-tal'!$T$12,INDEX('4. Reduktionsfaktorer, LENI-tal'!$H$38:$O$45,MATCH(O$27,'4. Reduktionsfaktorer, LENI-tal'!$H$38:$H$45,0),5)), "Fyll i byggnads- och rumstyp ovan")} -> Fyll i byggnads- och rumstyp ovan | P111: {=IFERROR(_xlfn.IFS(P$25='4. Reduktionsfaktorer, LENI-tal'!$Q$12,INDEX('4. Reduktionsfaktorer, LENI-tal'!$H$13:$O$23,MATCH(P$27,'4. Reduktionsfaktorer, LENI-tal'!$H$13:$H$23,0),5), P$25="SKOLA OCH RESTAURANG",INDEX('4. Reduktionsfaktorer, LENI-tal'!$H$24:$O$32,MATCH(P$27,'4. Reduktionsfaktorer, LENI-tal'!$H$24:$H$32,0),5), P$25='4. Reduktionsfaktorer, LENI-tal'!$S$12,INDEX('4. Reduktionsfaktorer, LENI-tal'!$H$33:$O$37,MATCH(P$27,'4. Reduktionsfaktorer, LENI-tal'!$H$33:$H$37,0),5), P$25='4. Reduktionsfaktorer, LENI-tal'!$T$12,INDEX('4. Reduktionsfaktorer, LENI-tal'!$H$38:$O$45,MATCH(P$27,'4. Reduktionsfaktorer, LENI-tal'!$H$38:$H$45,0),5)), "Fyll i byggnads- och rumstyp ovan")} -> Fyll i byggnads- och rumstyp ovan | ... R111: {=IFERROR(_xlfn.IFS(R$25='4. Reduktionsfaktorer, LENI-tal'!$Q$12,INDEX('4. Reduktionsfaktorer, LENI-tal'!$H$13:$O$23,MATCH(R$27,'4. Reduktionsfaktorer, LENI-tal'!$H$13:$H$23,0),5), R$25="SKOLA OCH RESTAURANG",INDEX('4. Reduktionsfaktorer, LENI-tal'!$H$24:$O$32,MATCH(R$27,'4. Reduktionsfaktorer, LENI-tal'!$H$24:$H$32,0),5), R$25='4. Reduktionsfaktorer, LENI-tal'!$S$12,INDEX('4. Reduktionsfaktorer, LENI-tal'!$H$33:$O$37,MATCH(R$27,'4. Reduktionsfaktorer, LENI-tal'!$H$33:$H$37,0),5), R$25='4. Reduktionsfaktorer, LENI-tal'!$T$12,INDEX('4. Reduktionsfaktorer, LENI-tal'!$H$38:$O$45,MATCH(R$27,'4. Reduktionsfaktorer, LENI-tal'!$H$38:$H$45,0),5)), "Fyll i byggnads- och rumstyp ovan")} -> Fyll i byggnads- och rumstyp ovan
B112: 2.9 | C112: Total reduktionsfaktor för styrning | I112: =IF(IF(I108=$I$238,I109,IF(I108=$I$239,I109*I110,IF(I108=$I$240,I109*I110*I111,1)))=0,"Fyll i 2.6-2.8",IF(I108=$I$238,I109,IF(I108=$I$239,I109*I110,IF(I108=$I$240,I109*I110*I111,1)))) -> 1 | J112: =IF(IF(J108=$I$238,J109,IF(J108=$I$239,J109*J110,IF(J108=$I$240,J109*J110*J111,1)))=0,"Fyll i 2.6-2.8",IF(J108=$I$238,J109,IF(J108=$I$239,J109*J110,IF(J108=$I$240,J109*J110*J111,1)))) -> 1 | K112: =IF(IF(K108=$I$238,K109,IF(K108=$I$239,K109*K110,IF(K108=$I$240,K109*K110*K111,1)))=0,"Fyll i 2.6-2.8",IF(K108=$I$238,K109,IF(K108=$I$239,K109*K110,IF(K108=$I$240,K109*K110*K111,1)))) -> 1 | L112: =IF(IF(L108=$I$238,L109,IF(L108=$I$239,L109*L110,IF(L108=$I$240,L109*L110*L111,1)))=0,"Fyll i 2.6-2.8",IF(L108=$I$238,L109,IF(L108=$I$239,L109*L110,IF(L108=$I$240,L109*L110*L111,1)))) -> 1 | M112: =IF(IF(M108=$I$238,M109,IF(M108=$I$239,M109*M110,IF(M108=$I$240,M109*M110*M111,1)))=0,"Fyll i 2.6-2.8",IF(M108=$I$238,M109,IF(M108=$I$239,M109*M110,IF(M108=$I$240,M109*M110*M111,1)))) -> 1 | N112: =IF(IF(N108=$I$238,N109,IF(N108=$I$239,N109*N110,IF(N108=$I$240,N109*N110*N111,1)))=0,"Fyll i 2.6-2.8",IF(N108=$I$238,N109,IF(N108=$I$239,N109*N110,IF(N108=$I$240,N109*N110*N111,1)))) -> 1 | O112: =IF(IF(O108=$I$238,O109,IF(O108=$I$239,O109*O110,IF(O108=$I$240,O109*O110*O111,1)))=0,"Fyll i 2.6-2.8",IF(O108=$I$238,O109,IF(O108=$I$239,O109*O110,IF(O108=$I$240,O109*O110*O111,1)))) -> 1 | P112: =IF(IF(P108=$I$238,P109,IF(P108=$I$239,P109*P110,IF(P108=$I$240,P109*P110*P111,1)))=0,"Fyll i 2.6-2.8",IF(P108=$I$238,P109,IF(P108=$I$239,P109*P110,IF(P108=$I$240,P109*P110*P111,1)))) -> 1 | ... R112: =IF(IF(R108=$I$238,R109,IF(R108=$I$239,R109*R110,IF(R108=$I$240,R109*R110*R111,1)))=0,"Fyll i 2.6-2.8",IF(R108=$I$238,R109,IF(R108=$I$239,R109*R110,IF(R108=$I$240,R109*R110*R111,1)))) -> 1
...

Sheet 2. LCC A2
A1: (PW: LCC)
G2: LCC-kalkyl för upphandling av inomhusbelysning
G3: ='1. Introduktion'!G3 -> Version 3.0
G4: ='1. Introduktion'!G4 -> Datum: 2024-12-17
C8: LCC-kalkyl Anläggning alternativ 2
C10: Kalkylförutsättningar (anges av beställaren) | K10: Byggnadstyp | L10: 0
C11: PROJEKT: | F11: Projektnamn | K11: Kontor | L11: 2500
C12: DATUM: | F12: ÅÅÅÅ-MM-DD | K12: Skola, restaurang | L12: 2000
C13: HANDLÄGGARE: | F13: Namn | K13: Sporthall | L13: 4000
K14: Vård | L14: 5000
B15: 1.1 | C15: Tid kalkylen omfattar | I15: år
B16: 1.2 | C16: Kalkylränta | H16: 0.05 | K16: Indata till fält 16: Byggnadens driftitid h/ år
B17: 1.3 | C17: Elpris | I17: kr/kWh | K17: Byggnadstyp | L17: Byggnadstyp
B18: 1.4 | C18: Årlig prisförändring energi (frivillig) | K18: Eget värde för drifttid h/år
B19: 1.5 | C19: Klimatpåverkan energianvändning (frivillig) | I19: kgCO2/kwh | K19: Driftitd timmar per år | L19: =IF(ISBLANK($L$18),VLOOKUP($L$17,$K$10:$L$14,2),$L$18) -> 0
B20: 1.6 | C20: Drifttid | H20: =$L$19 -> 0 | I20: h/år
C22: Beskrivning av anläggningen och belysningsförslag
C24: BESKRIVNING AV ANLÄGGNINGEN (anges av beställaren)
C25: Byggnadstyp | I25: Byggnadstyp 1 | J25: Byggnadstyp 2 | K25: Byggnadstyp 3 | L25: Byggnadstyp 4 | M25: Byggnadstyp 5 | N25: Byggnadstyp 6 | O25: Byggnadstyp 7 | P25: Byggnadstyp 8 | Q25: Byggnadstyp 9 | R25: Byggnadstyp 10
C26: Byggnadstyp hjälprad | I26: =SUBSTITUTE(I25," ","_") -> Byggnadstyp_1 | J26: =SUBSTITUTE(J25," ","_") -> Byggnadstyp_2 | K26: =SUBSTITUTE(K25," ","_") -> Byggnadstyp_3 | L26: =SUBSTITUTE(L25," ","_") -> Byggnadstyp_4 | M26: =SUBSTITUTE(M25," ","_") -> Byggnadstyp_5 | N26: =SUBSTITUTE(N25," ","_") -> Byggnadstyp_6 | O26: =SUBSTITUTE(O25," ","_") -> Byggnadstyp_7 | P26: =SUBSTITUTE(P25," ","_") -> Byggnadstyp_8 | ... R26: =SUBSTITUTE(R25," ","_") -> Byggnadstyp_10
C27: Rumstyp (välj byggnadstyp ovan för att få lista med giltiga rumstyper) | I27: Rumstyp 1 | J27: Rumstyp 2 | K27: Rumstyp 3 | L27: Rumstyp 4 | M27: Rumstyp 5 | N27: Rumstyp 6 | O27: Rumstyp 7 | P27: Rumstyp 8 | Q27: Rumstyp 9 | R27: Rumstyp 10
C28: Antal rum av samma typ | H28: stk | I28: 1 | J28: 1 | K28: 1 | L28: 1 | M28: 1 | N28: 1 | O28: 1 | P28: 1 | Q28: 1 | R28: 1
C29: Antal kvadratmeter | H29: m2/rum | I29: 1 | J29: 1 | K29: 1 | L29: 1 | M29: 1 | N29: 1 | O29: 1 | P29: 1 | Q29: 1 | R29: 1
C30: BELYSNINGSFÖRSLAG (anges av anbudsgivaren)
C31: ARMATURTYP 1
B32: 2.1 | C32: Antal armaturer | H32: stk
B33: 2.2 | C33: Armaturpris | H33: kr/stk
B34: 2.3 | C34: Material- och arbetskostnader armatur | H34: kr/stk
B35: 2.4 | C35: Effekt per armatur, inkl. driftsförluster | H35: W/stk
B36: 2.5 | C36: Typ av styrning | I36: Ingen | J36: Ingen | K36: Ingen | L36: Ingen | M36: Ingen | N36: Ingen | O36: Ingen | P36: Ingen | Q36: Ingen | R36: Ingen
B37: 2.6 | C37: Reduktionsfaktor manuell styrning | I37: {=IFERROR(_xlfn.IFS(I$25='4. Reduktionsfaktorer, LENI-tal'!$Q$12,INDEX('4. Reduktionsfaktorer, LENI-tal'!$H$13:$O$23,MATCH(I$27,'4. Reduktionsfaktorer, LENI-tal'!$H$13:$H$23,0),3), I$25="SKOLA OCH RESTAURANG",INDEX('4. Reduktionsfaktorer, LENI-tal'!$H$24:$O$32,MATCH(I$27,'4. Reduktionsfaktorer, LENI-tal'!$H$24:$H$32,0),3), I$25='4. Reduktionsfaktorer, LENI-tal'!$S$12,INDEX('4. Reduktionsfaktorer, LENI-tal'!$H$33:$O$37,MATCH(I$27,'4. Reduktionsfaktorer, LENI-tal'!$H$33:$H$37,0),3), I$25='4. Reduktionsfaktorer, LENI-tal'!$T$12,INDEX('4. Reduktionsfaktorer, LENI-tal'!$H$38:$O$45,MATCH(I$27,'4. Reduktionsfaktorer, LENI-tal'!$H$38:$H$45,0),3)), "Fyll i byggnads- och rumstyp ovan")} -> Fyll i byggnads- och rumstyp ovan | J37: {=IFERROR(_xlfn.IFS(J$25='4. Reduktionsfaktorer, LENI-tal'!$Q$12,INDEX('4. Reduktionsfaktorer, LENI-tal'!$H$13:$O$23,MATCH(J$27,'4. Reduktionsfaktorer, LENI-tal'!$H$13:$H$23,0),3), J$25="SKOLA OCH RESTAURANG",INDEX('4. Reduktionsfaktorer, LENI-tal'!$H$24:$O$32,MATCH(J$27,'4. Reduktionsfaktorer, LENI-tal'!$H$24:$H$32,0),3), J$25='4. Reduktionsfaktorer, LENI-tal'!$S$12,INDEX('4. Reduktionsfaktorer, LENI-tal'!$H$33:$O$37,MATCH(J$27,'4. Reduktionsfaktorer, LENI-tal'!$H$33:$H$37,0),3), J$25='4. Reduktionsfaktorer, LENI-tal'!$T$12,INDEX('4. Reduktionsfaktorer, LENI-tal'!$H$38:$O$45,MATCH(J$27,'4. Reduktionsfaktorer, LENI-tal'!$H$38:$H$45,0),3)), "Fyll i byggnads- och rumstyp ovan")} -> Fyll i byggnads- och rumstyp ovan | K37: {=IFERROR(_xlfn.IFS(K$25='4. Reduktionsfaktorer, LENI-tal'!$Q$12,INDEX('4. Reduktionsfaktorer, LENI-tal'!$H$13:$O$23,MATCH(K$27,'4. Reduktionsfaktorer, LENI-tal'!$H$13:$H$23,0),3), K$25="SKOLA OCH RESTAURANG",INDEX('4. Reduktionsfaktorer, LENI-tal'!$H$24:$O$32,MATCH(K$27,'4. Reduktionsfaktorer, LENI-tal'!$H$24:$H$32,0),3), K$25='4. Reduktionsfaktorer, LENI-tal'!$S$12,INDEX('4. Reduktionsfaktorer, LENI-tal'!$H$33:$O$37,MATCH(K$27,'4. Reduktionsfaktorer, LENI-tal'!$H$33:$H$37,0),3), K$25='4. Reduktionsfaktorer, LENI-tal'!$T$12,INDEX('4. Reduktionsfaktorer, LENI-tal'!$H$38:$O$45,MATCH(K$27,'4. Reduktionsfaktorer, LENI-tal'!$H$38:$H$45,0),3)), "Fyll i byggnads- och rumstyp ovan")} -> Fyll i byggnads- och rumstyp ovan | L37: {=IFERROR(_xlfn.IFS(L$25='4. Reduktionsfaktorer, LENI-tal'!$Q$12,INDEX('4. Reduktionsfaktorer, LENI-tal'!$H$13:$O$23,MATCH(L$27,'4. Reduktionsfaktorer, LENI-tal'!$H$13:$H$23,0),3), L$25="SKOLA OCH RESTAURANG",INDEX('4. Reduktionsfaktorer, LENI-tal'!$H$24:$O$32,MATCH(L$27,'4. Reduktionsfaktorer, LENI-tal'!$H$24:$H$32,0),3), L$25='4. Reduktionsfaktorer, LENI-tal'!$S$12,INDEX('4. Reduktionsfaktorer, LENI-tal'!$H$33:$O$37,MATCH(L$27,'4. Reduktionsfaktorer, LENI-tal'!$H$33:$H$37,0),3), L$25='4. Reduktionsfaktorer, LENI-tal'!$T$12,INDEX('4. Reduktionsfaktorer, LENI-tal'!$H$38:$O$45,MATCH(L$27,'4. Reduktionsfaktorer, LENI-tal'!$H$38:$H$45,0),3)), "Fyll i byggnads- och rumstyp ovan")} -> Fyll i byggnads- och rumstyp ovan | M37: {=IFERROR(_xlfn.IFS(M$25='4. Reduktionsfaktorer, LENI-tal'!$Q$12,INDEX('4. Reduktionsfaktorer, LENI-tal'!$H$13:$O$23,MATCH(M$27,'4. Reduktionsfaktorer, LENI-tal'!$H$13:$H$23,0),3), M$25="SKOLA OCH RESTAURANG",INDEX('4. Reduktionsfaktorer, LENI-tal'!$H$24:$O$32,MATCH(M$27,'4. Reduktionsfaktorer, LENI-tal'!$H$24:$H$32,0),3), M$25='4. Reduktionsfaktorer, LENI-tal'!$S$12,INDEX('4. Reduktionsfaktorer, LENI-tal'!$H$33:$O$37,MATCH(M$27,'4. Reduktionsfaktorer, LENI-tal'!$H$33:$H$37,0),3), M$25='4. Reduktionsfaktorer, LENI-tal'!$T$12,INDEX('4. Reduktionsfaktorer, LENI-tal'!$H$38:$O$45,MATCH(M$27,'4. Reduktionsfaktorer, LENI-tal'!$H$38:$H$45,0),3)), "Fyll i byggnads- och rumstyp ovan")} -> Fyll i byggnads- och rumstyp ovan | N37: {=IFERROR(_xlfn.IFS(N$25='4. Reduktionsfaktorer, LENI-tal'!$Q$12,INDEX('4. Reduktionsfaktorer, LENI-tal'!$H$13:$O$23,MATCH(N$27,'4. Reduktionsfaktorer, LENI-tal'!$H$13:$H$23,0),3), N$25="SKOLA OCH RESTAURANG",INDEX('4. Reduktionsfaktorer, LENI-tal'!$H$24:$O$32,MATCH(N$27,'4. Reduktionsfaktorer, LENI-tal'!$H$24:$H$32,0),3), N$25='4. Reduktionsfaktorer, LENI-tal'!$S$12,INDEX('4. Reduktionsfaktorer, LENI-tal'!$H$33:$O$37,MATCH(N$27,'4. Reduktionsfaktorer, LENI-tal'!$H$33:$H$37,0),3), N$25='4. Reduktionsfaktorer, LENI-tal'!$T$12,INDEX('4. Reduktionsfaktorer, LENI-tal'!$H$38:$O$45,MATCH(N$27,'4. Reduktionsfaktorer, LENI-tal'!$H$38:$H$45,0),3)), "Fyll i byggnads- och rumstyp ovan")} -> Fyll i byggnads- och rumstyp ovan | O37: {=IFERROR(_xlfn.IFS(O$25='4. Reduktionsfaktorer, LENI-tal'!$Q$12,INDEX('4. Reduktionsfaktorer, LENI-tal'!$H$13:$O$23,MATCH(O$27,'4. Reduktionsfaktorer, LENI-tal'!$H$13:$H$23,0),3), O$25="SKOLA OCH RESTAURANG",INDEX('4. Reduktionsfaktorer, LENI-tal'!$H$24:$O$32,MATCH(O$27,'4. Reduktionsfaktorer, LENI-tal'!$H$24:$H$32,0),3), O$25='4. Reduktionsfaktorer, LENI-tal'!$S$12,INDEX('4. Reduktionsfaktorer, LENI-tal'!$H$33:$O$37,MATCH(O$27,'4. Reduktionsfaktorer, LENI-tal'!$H$33:$H$37,0),3), O$25='4. Reduktionsfaktorer, LENI-tal'!$T$12,INDEX('4. Reduktionsfaktorer, LENI-tal'!$H$38:$O$45,MATCH(O$27,'4. Reduktionsfaktorer, LENI-tal'!$H$38:$H$45,0),3)), "Fyll i byggnads- och rumstyp ovan")} -> Fyll i byggnads- och rumstyp ovan | P37: {=IFERROR(_xlfn.IFS(P$25='4. Reduktionsfaktorer, LENI-tal'!$Q$12,INDEX('4. Reduktionsfaktorer, LENI-tal'!$H$13:$O$23,MATCH(P$27,'4. Reduktionsfaktorer, LENI-tal'!$H$13:$H$23,0),3), P$25="SKOLA OCH RESTAURANG",INDEX('4. Reduktionsfaktorer, LENI-tal'!$H$24:$O$32,MATCH(P$27,'4. Reduktionsfaktorer, LENI-tal'!$H$24:$H$32,0),3), P$25='4. Reduktionsfaktorer, LENI-tal'!$S$12,INDEX('4. Reduktionsfaktorer, LENI-tal'!$H$33:$O$37,MATCH(P$27,'4. Reduktionsfaktorer, LENI-tal'!$H$33:$H$37,0),3), P$25='4. Reduktionsfaktorer, LENI-tal'!$T$12,INDEX('4. Reduktionsfaktorer, LENI-tal'!$H$38:$O$45,MATCH(P$27,'4. Reduktionsfaktorer, LENI-tal'!$H$38:$H$45,0),3)), "Fyll i byggnads- och rumstyp ovan")} -> Fyll i byggnads- och rumstyp ovan | ... R37: {=IFERROR(_xlfn.IFS(R$25='4. Reduktionsfaktorer, LENI-tal'!$Q$12,INDEX('4. Reduktionsfaktorer, LENI-tal'!$H$13:$O$23,MATCH(R$27,'4. Reduktionsfaktorer, LENI-tal'!$H$13:$H$23,0),3), R$25="SKOLA OCH RESTAURANG",INDEX('4. Reduktionsfaktorer, LENI-tal'!$H$24:$O$32,MATCH(R$27,'4. Reduktionsfaktorer, LENI-tal'!$H$24:$H$32,0),3), R$25='4. Reduktionsfaktorer, LENI-tal'!$S$12,INDEX('4. Reduktionsfaktorer, LENI-tal'!$H$33:$O$37,MATCH(R$27,'4. Reduktionsfaktorer, LENI-tal'!$H$33:$H$37,0),3), R$25='4. Reduktionsfaktorer, LENI-tal'!$T$12,INDEX('4. Reduktionsfaktorer, LENI-tal'!$H$38:$O$45,MATCH(R$27,'4. Reduktionsfaktorer, LENI-tal'!$H$38:$H$45,0),3)), "Fyll i byggnads- och rumstyp ovan")} -> Fyll i byggnads- och rumstyp ovan
B38: 2.7 | C38: Reduktionsfaktor närvaro-/frånvarostyrning | I38: {=IFERROR(_xlfn.IFS(I$25='4. Reduktionsfaktorer, LENI-tal'!$Q$12,INDEX('4. Reduktionsfaktorer, LENI-tal'!$H$13:$O$23,MATCH(I$27,'4. Reduktionsfaktorer, LENI-tal'!$H$13:$H$23,0),4), I$25="SKOLA OCH RESTAURANG",INDEX('4. Reduktionsfaktorer, LENI-tal'!$H$24:$O$32,MATCH(I$27,'4. Reduktionsfaktorer, LENI-tal'!$H$24:$H$32,0),4), I$25='4. Reduktionsfaktorer, LENI-tal'!$S$12,INDEX('4. Reduktionsfaktorer, LENI-tal'!$H$33:$O$37,MATCH(I$27,'4. Reduktionsfaktorer, LENI-tal'!$H$33:$H$37,0),4), I$25='4. Reduktionsfaktorer, LENI-tal'!$T$12,INDEX('4. Reduktionsfaktorer, LENI-tal'!$H$38:$O$45,MATCH(I$27,'4. Reduktionsfaktorer, LENI-tal'!$H$38:$H$45,0),4)), "Fyll i byggnads- och rumstyp ovan")} -> Fyll i byggnads- och rumstyp ovan | J38: {=IFERROR(_xlfn.IFS(J$25='4. Reduktionsfaktorer, LENI-tal'!$Q$12,INDEX('4. Reduktionsfaktorer, LENI-tal'!$H$13:$O$23,MATCH(J$27,'4. Reduktionsfaktorer, LENI-tal'!$H$13:$H$23,0),4), J$25="SKOLA OCH RESTAURANG",INDEX('4. Reduktionsfaktorer, LENI-tal'!$H$24:$O$32,MATCH(J$27,'4. Reduktionsfaktorer, LENI-tal'!$H$24:$H$32,0),4), J$25='4. Reduktionsfaktorer, LENI-tal'!$S$12,INDEX('4. Reduktionsfaktorer, LENI-tal'!$H$33:$O$37,MATCH(J$27,'4. Reduktionsfaktorer, LENI-tal'!$H$33:$H$37,0),4), J$25='4. Reduktionsfaktorer, LENI-tal'!$T$12,INDEX('4. Reduktionsfaktorer, LENI-tal'!$H$38:$O$45,MATCH(J$27,'4. Reduktionsfaktorer, LENI-tal'!$H$38:$H$45,0),4)), "Fyll i byggnads- och rumstyp ovan")} -> Fyll i byggnads- och rumstyp ovan | K38: {=IFERROR(_xlfn.IFS(K$25='4. Reduktionsfaktorer, LENI-tal'!$Q$12,INDEX('4. Reduktionsfaktorer, LENI-tal'!$H$13:$O$23,MATCH(K$27,'4. Reduktionsfaktorer, LENI-tal'!$H$13:$H$23,0),4), K$25="SKOLA OCH RESTAURANG",INDEX('4. Reduktionsfaktorer, LENI-tal'!$H$24:$O$32,MATCH(K$27,'4. Reduktionsfaktorer, LENI-tal'!$H$24:$H$32,0),4), K$25='4. Reduktionsfaktorer, LENI-tal'!$S$12,INDEX('4. Reduktionsfaktorer, LENI-tal'!$H$33:$O$37,MATCH(K$27,'4. Reduktionsfaktorer, LENI-tal'!$H$33:$H$37,0),4), K$25='4. Reduktionsfaktorer, LENI-tal'!$T$12,INDEX('4. Reduktionsfaktorer, LENI-tal'!$H$38:$O$45,MATCH(K$27,'4. Reduktionsfaktorer, LENI-tal'!$H$38:$H$45,0),4)), "Fyll i byggnads- och rumstyp ovan")} -> Fyll i byggnads- och rumstyp ovan | L38: {=IFERROR(_xlfn.IFS(L$25='4. Reduktionsfaktorer, LENI-tal'!$Q$12,INDEX('4. Reduktionsfaktorer, LENI-tal'!$H$13:$O$23,MATCH(L$27,'4. Reduktionsfaktorer, LENI-tal'!$H$13:$H$23,0),4), L$25="SKOLA OCH RESTAURANG",INDEX('4. Reduktionsfaktorer, LENI-tal'!$H$24:$O$32,MATCH(L$27,'4. Reduktionsfaktorer, LENI-tal'!$H$24:$H$32,0),4), L$25='4. Reduktionsfaktorer, LENI-tal'!$S$12,INDEX('4. Reduktionsfaktorer, LENI-tal'!$H$33:$O$37,MATCH(L$27,'4. Reduktionsfaktorer, LENI-tal'!$H$33:$H$37,0),4), L$25='4. Reduktionsfaktorer, LENI-tal'!$T$12,INDEX('4. Reduktionsfaktorer, LENI-tal'!$H$38:$O$45,MATCH(L$27,'4. Reduktionsfaktorer, LENI-tal'!$H$38:$H$45,0),4)), "Fyll i byggnads- och rumstyp ovan")} -> Fyll i byggnads- och rumstyp ovan | M38: {=IFERROR(_xlfn.IFS(M$25='4. Reduktionsfaktorer, LENI-tal'!$Q$12,INDEX('4. Reduktionsfaktorer, LENI-tal'!$H$13:$O$23,MATCH(M$27,'4. Reduktionsfaktorer, LENI-tal'!$H$13:$H$23,0),4), M$25="SKOLA OCH RESTAURANG",INDEX('4. Reduktionsfaktorer, LENI-tal'!$H$24:$O$32,MATCH(M$27,'4. Reduktionsfaktorer, LENI-tal'!$H$24:$H$32,0),4), M$25='4. Reduktionsfaktorer, LENI-tal'!$S$12,INDEX('4. Reduktionsfaktorer, LENI-tal'!$H$33:$O$37,MATCH(M$27,'4. Reduktionsfaktorer, LENI-tal'!$H$33:$H$37,0),4), M$25='4. Reduktionsfaktorer, LENI-tal'!$T$12,INDEX('4. Reduktionsfaktorer, LENI-tal'!$H$38:$O$45,MATCH(M$27,'4. Reduktionsfaktorer, LENI-tal'!$H$38:$H$45,0),4)), "Fyll i byggnads- och rumstyp ovan")} -> Fyll i byggnads- och rumstyp ovan | N38: {=IFERROR(_xlfn.IFS(N$25='4. Reduktionsfaktorer, LENI-tal'!$Q$12,INDEX('4. Reduktionsfaktorer, LENI-tal'!$H$13:$O$23,MATCH(N$27,'4. Reduktionsfaktorer, LENI-tal'!$H$13:$H$23,0),4), N$25="SKOLA OCH RESTAURANG",INDEX('4. Reduktionsfaktorer, LENI-tal'!$H$24:$O$32,MATCH(N$27,'4. Reduktionsfaktorer, LENI-tal'!$H$24:$H$32,0),4), N$25='4. Reduktionsfaktorer, LENI-tal'!$S$12,INDEX('4. Reduktionsfaktorer, LENI-tal'!$H$33:$O$37,MATCH(N$27,'4. Reduktionsfaktorer, LENI-tal'!$H$33:$H$37,0),4), N$25='4. Reduktionsfaktorer, LENI-tal'!$T$12,INDEX('4. Reduktionsfaktorer, LENI-tal'!$H$38:$O$45,MATCH(N$27,'4. Reduktionsfaktorer, LENI-tal'!$H$38:$H$45,0),4)), "Fyll i byggnads- och rumstyp ovan")} -> Fyll i byggnads- och rumstyp ovan | O38: {=IFERROR(_xlfn.IFS(O$25='4. Reduktionsfaktorer, LENI-tal'!$Q$12,INDEX('4. Reduktionsfaktorer, LENI-tal'!$H$13:$O$23,MATCH(O$27,'4. Reduktionsfaktorer, LENI-tal'!$H$13:$H$23,0),4), O$25="SKOLA OCH RESTAURANG",INDEX('4. Reduktionsfaktorer, LENI-tal'!$H$24:$O$32,MATCH(O$27,'4. Reduktionsfaktorer, LENI-tal'!$H$24:$H$32,0),4), O$25='4. Reduktionsfaktorer, LENI-tal'!$S$12,INDEX('4. Reduktionsfaktorer, LENI-tal'!$H$33:$O$37,MATCH(O$27,'4. Reduktionsfaktorer, LENI-tal'!$H$33:$H$37,0),4), O$25='4. Reduktionsfaktorer, LENI-tal'!$T$12,INDEX('4. Reduktionsfaktorer, LENI-tal'!$H$38:$O$45,MATCH(O$27,'4. Reduktionsfaktorer, LENI-tal'!$H$38:$H$45,0),4)), "Fyll i byggnads- och rumstyp ovan")} -> Fyll i byggnads- och rumstyp ovan | P38: {=IFERROR(_xlfn.IFS(P$25='4. Reduktionsfaktorer, LENI-tal'!$Q$12,INDEX('4. Reduktionsfaktorer, LENI-tal'!$H$13:$O$23,MATCH(P$27,'4. Reduktionsfaktorer, LENI-tal'!$H$13:$H$23,0),4), P$25="SKOLA OCH RESTAURANG",INDEX('4. Reduktionsfaktorer, LENI-tal'!$H$24:$O$32,MATCH(P$27,'4. Reduktionsfaktorer, LENI-tal'!$H$24:$H$32,0),4), P$25='4. Reduktionsfaktorer, LENI-tal'!$S$12,INDEX('4. Reduktionsfaktorer, LENI-tal'!$H$33:$O$37,MATCH(P$27,'4. Reduktionsfaktorer, LENI-tal'!$H$33:$H$37,0),4), P$25='4. Reduktionsfaktorer, LENI-tal'!$T$12,INDEX('4. Reduktionsfaktorer, LENI-tal'!$H$38:$O$45,MATCH(P$27,'4. Reduktionsfaktorer, LENI-tal'!$H$38:$H$45,0),4)), "Fyll i byggnads- och rumstyp ovan")} -> Fyll i byggnads- och rumstyp ovan | ... R38: {=IFERROR(_xlfn.IFS(R$25='4. Reduktionsfaktorer, LENI-tal'!$Q$12,INDEX('4. Reduktionsfaktorer, LENI-tal'!$H$13:$O$23,MATCH(R$27,'4. Reduktionsfaktorer, LENI-tal'!$H$13:$H$23,0),4), R$25="SKOLA OCH RESTAURANG",INDEX('4. Reduktionsfaktorer, LENI-tal'!$H$24:$O$32,MATCH(R$27,'4. Reduktionsfaktorer, LENI-tal'!$H$24:$H$32,0),4), R$25='4. Reduktionsfaktorer, LENI-tal'!$S$12,INDEX('4. Reduktionsfaktorer, LENI-tal'!$H$33:$O$37,MATCH(R$27,'4. Reduktionsfaktorer, LENI-tal'!$H$33:$H$37,0),4), R$25='4. Reduktionsfaktorer, LENI-tal'!$T$12,INDEX('4. Reduktionsfaktorer, LENI-tal'!$H$38:$O$45,MATCH(R$27,'4. Reduktionsfaktorer, LENI-tal'!$H$38:$H$45,0),4)), "Fyll i byggnads- och rumstyp ovan")} -> Fyll i byggnads- och rumstyp ovan
B39: 2.8 | C39: Reduktionsfaktor dagsljusstyrning | I39: {=IFERROR(_xlfn.IFS(I$25='4. Reduktionsfaktorer, LENI-tal'!$Q$12,INDEX('4. Reduktionsfaktorer, LENI-tal'!$H$13:$O$23,MATCH(I$27,'4. Reduktionsfaktorer, LENI-tal'!$H$13:$H$23,0),5), I$25="SKOLA OCH RESTAURANG",INDEX('4. Reduktionsfaktorer, LENI-tal'!$H$24:$O$32,MATCH(I$27,'4. Reduktionsfaktorer, LENI-tal'!$H$24:$H$32,0),5), I$25='4. Reduktionsfaktorer, LENI-tal'!$S$12,INDEX('4. Reduktionsfaktorer, LENI-tal'!$H$33:$O$37,MATCH(I$27,'4. Reduktionsfaktorer, LENI-tal'!$H$33:$H$37,0),5), I$25='4. Reduktionsfaktorer, LENI-tal'!$T$12,INDEX('4. Reduktionsfaktorer, LENI-tal'!$H$38:$O$45,MATCH(I$27,'4. Reduktionsfaktorer, LENI-tal'!$H$38:$H$45,0),5)), "Fyll i byggnads- och rumstyp ovan")} -> Fyll i byggnads- och rumstyp ovan | J39: {=IFERROR(_xlfn.IFS(J$25='4. Reduktionsfaktorer, LENI-tal'!$Q$12,INDEX('4. Reduktionsfaktorer, LENI-tal'!$H$13:$O$23,MATCH(J$27,'4. Reduktionsfaktorer, LENI-tal'!$H$13:$H$23,0),5), J$25="SKOLA OCH RESTAURANG",INDEX('4. Reduktionsfaktorer, LENI-tal'!$H$24:$O$32,MATCH(J$27,'4. Reduktionsfaktorer, LENI-tal'!$H$24:$H$32,0),5), J$25='4. Reduktionsfaktorer, LENI-tal'!$S$12,INDEX('4. Reduktionsfaktorer, LENI-tal'!$H$33:$O$37,MATCH(J$27,'4. Reduktionsfaktorer, LENI-tal'!$H$33:$H$37,0),5), J$25='4. Reduktionsfaktorer, LENI-tal'!$T$12,INDEX('4. Reduktionsfaktorer, LENI-tal'!$H$38:$O$45,MATCH(J$27,'4. Reduktionsfaktorer, LENI-tal'!$H$38:$H$45,0),5)), "Fyll i byggnads- och rumstyp ovan")} -> Fyll i byggnads- och rumstyp ovan | K39: {=IFERROR(_xlfn.IFS(K$25='4. Reduktionsfaktorer, LENI-tal'!$Q$12,INDEX('4. Reduktionsfaktorer, LENI-tal'!$H$13:$O$23,MATCH(K$27,'4. Reduktionsfaktorer, LENI-tal'!$H$13:$H$23,0),5), K$25="SKOLA OCH RESTAURANG",INDEX('4. Reduktionsfaktorer, LENI-tal'!$H$24:$O$32,MATCH(K$27,'4. Reduktionsfaktorer, LENI-tal'!$H$24:$H$32,0),5), K$25='4. Reduktionsfaktorer, LENI-tal'!$S$12,INDEX('4. Reduktionsfaktorer, LENI-tal'!$H$33:$O$37,MATCH(K$27,'4. Reduktionsfaktorer, LENI-tal'!$H$33:$H$37,0),5), K$25='4. Reduktionsfaktorer, LENI-tal'!$T$12,INDEX('4. Reduktionsfaktorer, LENI-tal'!$H$38:$O$45,MATCH(K$27,'4. Reduktionsfaktorer, LENI-tal'!$H$38:$H$45,0),5)), "Fyll i byggnads- och rumstyp ovan")} -> Fyll i byggnads- och rumstyp ovan | L39: {=IFERROR(_xlfn.IFS(L$25='4. Reduktionsfaktorer, LENI-tal'!$Q$12,INDEX('4. Reduktionsfaktorer, LENI-tal'!$H$13:$O$23,MATCH(L$27,'4. Reduktionsfaktorer, LENI-tal'!$H$13:$H$23,0),5), L$25="SKOLA OCH RESTAURANG",INDEX('4. Reduktionsfaktorer, LENI-tal'!$H$24:$O$32,MATCH(L$27,'4. Reduktionsfaktorer, LENI-tal'!$H$24:$H$32,0),5), L$25='4. Reduktionsfaktorer, LENI-tal'!$S$12,INDEX('4. Reduktionsfaktorer, LENI-tal'!$H$33:$O$37,MATCH(L$27,'4. Reduktionsfaktorer, LENI-tal'!$H$33:$H$37,0),5), L$25='4. Reduktionsfaktorer, LENI-tal'!$T$12,INDEX('4. Reduktionsfaktorer, LENI-tal'!$H$38:$O$45,MATCH(L$27,'4. Reduktionsfaktorer, LENI-tal'!$H$38:$H$45,0),5)), "Fyll i byggnads- och rumstyp ovan")} -> Fyll i byggnads- och rumstyp ovan | M39: {=IFERROR(_xlfn.IFS(M$25='4. Reduktionsfaktorer, LENI-tal'!$Q$12,INDEX('4. Reduktionsfaktorer, LENI-tal'!$H$13:$O$23,MATCH(M$27,'4. Reduktionsfaktorer, LENI-tal'!$H$13:$H$23,0),5), M$25="SKOLA OCH RESTAURANG",INDEX('4. Reduktionsfaktorer, LENI-tal'!$H$24:$O$32,MATCH(M$27,'4. Reduktionsfaktorer, LENI-tal'!$H$24:$H$32,0),5), M$25='4. Reduktionsfaktorer, LENI-tal'!$S$12,INDEX('4. Reduktionsfaktorer, LENI-tal'!$H$33:$O$37,MATCH(M$27,'4. Reduktionsfaktorer, LENI-tal'!$H$33:$H$37,0),5), M$25='4. Reduktionsfaktorer, LENI-tal'!$T$12,INDEX('4. Reduktionsfaktorer, LENI-tal'!$H$38:$O$45,MATCH(M$27,'4. Reduktionsfaktorer, LENI-tal'!$H$38:$H$45,0),5)), "Fyll i byggnads- och rumstyp ovan")} -> Fyll i byggnads- och rumstyp ovan | N39: {=IFERROR(_xlfn.IFS(N$25='4. Reduktionsfaktorer, LENI-tal'!$Q$12,INDEX('4. Reduktionsfaktorer, LENI-tal'!$H$13:$O$23,MATCH(N$27,'4. Reduktionsfaktorer, LENI-tal'!$H$13:$H$23,0),5), N$25="SKOLA OCH RESTAURANG",INDEX('4. Reduktionsfaktorer, LENI-tal'!$H$24:$O$32,MATCH(N$27,'4. Reduktionsfaktorer, LENI-tal'!$H$24:$H$32,0),5), N$25='4. Reduktionsfaktorer, LENI-tal'!$S$12,INDEX('4. Reduktionsfaktorer, LENI-tal'!$H$33:$O$37,MATCH(N$27,'4. Reduktionsfaktorer, LENI-tal'!$H$33:$H$37,0),5), N$25='4. Reduktionsfaktorer, LENI-tal'!$T$12,INDEX('4. Reduktionsfaktorer, LENI-tal'!$H$38:$O$45,MATCH(N$27,'4. Reduktionsfaktorer, LENI-tal'!$H$38:$H$45,0),5)), "Fyll i byggnads- och rumstyp ovan")} -> Fyll i byggnads- och rumstyp ovan | O39: {=IFERROR(_xlfn.IFS(O$25='4. Reduktionsfaktorer, LENI-tal'!$Q$12,INDEX('4. Reduktionsfaktorer, LENI-tal'!$H$13:$O$23,MATCH(O$27,'4. Reduktionsfaktorer, LENI-tal'!$H$13:$H$23,0),5), O$25="SKOLA OCH RESTAURANG",INDEX('4. Reduktionsfaktorer, LENI-tal'!$H$24:$O$32,MATCH(O$27,'4. Reduktionsfaktorer, LENI-tal'!$H$24:$H$32,0),5), O$25='4. Reduktionsfaktorer, LENI-tal'!$S$12,INDEX('4. Reduktionsfaktorer, LENI-tal'!$H$33:$O$37,MATCH(O$27,'4. Reduktionsfaktorer, LENI-tal'!$H$33:$H$37,0),5), O$25='4. Reduktionsfaktorer, LENI-tal'!$T$12,INDEX('4. Reduktionsfaktorer, LENI-tal'!$H$38:$O$45,MATCH(O$27,'4. Reduktionsfaktorer, LENI-tal'!$H$38:$H$45,0),5)), "Fyll i byggnads- och rumstyp ovan")} -> Fyll i byggnads- och rumstyp ovan | P39: {=IFERROR(_xlfn.IFS(P$25='4. Reduktionsfaktorer, LENI-tal'!$Q$12,INDEX('4. Reduktionsfaktorer, LENI-tal'!$H$13:$O$23,MATCH(P$27,'4. Reduktionsfaktorer, LENI-tal'!$H$13:$H$23,0),5), P$25="SKOLA OCH RESTAURANG",INDEX('4. Reduktionsfaktorer, LENI-tal'!$H$24:$O$32,MATCH(P$27,'4. Reduktionsfaktorer, LENI-tal'!$H$24:$H$32,0),5), P$25='4. Reduktionsfaktorer, LENI-tal'!$S$12,INDEX('4. Reduktionsfaktorer, LENI-tal'!$H$33:$O$37,MATCH(P$27,'4. Reduktionsfaktorer, LENI-tal'!$H$33:$H$37,0),5), P$25='4. Reduktionsfaktorer, LENI-tal'!$T$12,INDEX('4. Reduktionsfaktorer, LENI-tal'!$H$38:$O$45,MATCH(P$27,'4. Reduktionsfaktorer, LENI-tal'!$H$38:$H$45,0),5)), "Fyll i byggnads- och rumstyp ovan")} -> Fyll i byggnads- och rumstyp ovan | ... R39: {=IFERROR(_xlfn.IFS(R$25='4. Reduktionsfaktorer, LENI-tal'!$Q$12,INDEX('4. Reduktionsfaktorer, LENI-tal'!$H$13:$O$23,MATCH(R$27,'4. Reduktionsfaktorer, LENI-tal'!$H$13:$H$23,0),5), R$25="SKOLA OCH RESTAURANG",INDEX('4. Reduktionsfaktorer, LENI-tal'!$H$24:$O$32,MATCH(R$27,'4. Reduktionsfaktorer, LENI-tal'!$H$24:$H$32,0),5), R$25='4. Reduktionsfaktorer, LENI-tal'!$S$12,INDEX('4. Reduktionsfaktorer, LENI-tal'!$H$33:$O$37,MATCH(R$27,'4. Reduktionsfaktorer, LENI-tal'!$H$33:$H$37,0),5), R$25='4. Reduktionsfaktorer, LENI-tal'!$T$12,INDEX('4. Reduktionsfaktorer, LENI-tal'!$H$38:$O$45,MATCH(R$27,'4. Reduktionsfaktorer, LENI-tal'!$H$38:$H$45,0),5)), "Fyll i byggnads- och rumstyp ovan")} -> Fyll i byggnads- och rumstyp ovan
B40: 2.9 | C40: Total reduktionsfaktor för styrning | I40: =IF(IF(I36=$I$238,I37,IF(I36=$I$239,I37*I38,IF(I36=$I$240,I37*I38*I39,1)))=0,"Fyll i 2.6-2.8",IF(I36=$I$238,I37,IF(I36=$I$239,I37*I38,IF(I36=$I$240,I37*I38*I39,1)))) -> 1 | J40: =IF(IF(J36=$I$238,J37,IF(J36=$I$239,J37*J38,IF(J36=$I$240,J37*J38*J39,1)))=0,"Fyll i 2.6-2.8",IF(J36=$I$238,J37,IF(J36=$I$239,J37*J38,IF(J36=$I$240,J37*J38*J39,1)))) -> 1 | K40: =IF(IF(K36=$I$238,K37,IF(K36=$I$239,K37*K38,IF(K36=$I$240,K37*K38*K39,1)))=0,"Fyll i 2.6-2.8",IF(K36=$I$238,K37,IF(K36=$I$239,K37*K38,IF(K36=$I$240,K37*K38*K39,1)))) -> 1 | L40: =IF(IF(L36=$I$238,L37,IF(L36=$I$239,L37*L38,IF(L36=$I$240,L37*L38*L39,1)))=0,"Fyll i 2.6-2.8",IF(L36=$I$238,L37,IF(L36=$I$239,L37*L38,IF(L36=$I$240,L37*L38*L39,1)))) -> 1 | M40: =IF(IF(M36=$I$238,M37,IF(M36=$I$239,M37*M38,IF(M36=$I$240,M37*M38*M39,1)))=0,"Fyll i 2.6-2.8",IF(M36=$I$238,M37,IF(M36=$I$239,M37*M38,IF(M36=$I$240,M37*M38*M39,1)))) -> 1 | N40: =IF(IF(N36=$I$238,N37,IF(N36=$I$239,N37*N38,IF(N36=$I$240,N37*N38*N39,1)))=0,"Fyll i 2.6-2.8",IF(N36=$I$238,N37,IF(N36=$I$239,N37*N38,IF(N36=$I$240,N37*N38*N39,1)))) -> 1 | O40: =IF(IF(O36=$I$238,O37,IF(O36=$I$239,O37*O38,IF(O36=$I$240,O37*O38*O39,1)))=0,"Fyll i 2.6-2.8",IF(O36=$I$238,O37,IF(O36=$I$239,O37*O38,IF(O36=$I$240,O37*O38*O39,1)))) -> 1 | P40: =IF(IF(P36=$I$238,P37,IF(P36=$I$239,P37*P38,IF(P36=$I$240,P37*P38*P39,1)))=0,"Fyll i 2.6-2.8",IF(P36=$I$238,P37,IF(P36=$I$239,P37*P38,IF(P36=$I$240,P37*P38*P39,1)))) -> 1 | ... R40: =IF(IF(R36=$I$238,R37,IF(R36=$I$239,R37*R38,IF(R36=$I$240,R37*R38*R39,1)))=0,"Fyll i 2.6-2.8",IF(R36=$I$238,R37,IF(R36=$I$239,R37*R38,IF(R36=$I$240,R37*R38*R39,1)))) -> 1
B41: 2.10 | C41: Underhållskostnader | H41: kr/år
C43: ARMATURTYP 2
B44: 2.1 | C44: Antal armaturer | H44: stk
B45: 2.2 | C45: Armaturpris | H45: kr/stk
B46: 2.3 | C46: Material- och arbetskostnader armatur | H46: kr/stk
B47: 2.4 | C47: Effekt per armatur, inkl. driftsförluster | H47: W/stk
B48: 2.5 | C48: Typ av styrning | I48: Ingen | J48: Ingen | K48: Ingen | L48: Ingen | M48: Ingen | N48: Ingen | O48: Ingen | P48: Ingen | Q48: Ingen | R48: Ingen
B49: 2.6 | C49: Reduktionsfaktor manuell styrning | I49: {=IFERROR(_xlfn.IFS(I$25='4. Reduktionsfaktorer, LENI-tal'!$Q$12,INDEX('4. Reduktionsfaktorer, LENI-tal'!$H$13:$O$23,MATCH(I$27,'4. Reduktionsfaktorer, LENI-tal'!$H$13:$H$23,0),3), I$25="SKOLA OCH RESTAURANG",INDEX('4. Reduktionsfaktorer, LENI-tal'!$H$24:$O$32,MATCH(I$27,'4. Reduktionsfaktorer, LENI-tal'!$H$24:$H$32,0),3), I$25='4. Reduktionsfaktorer, LENI-tal'!$S$12,INDEX('4. Reduktionsfaktorer, LENI-tal'!$H$33:$O$37,MATCH(I$27,'4. Reduktionsfaktorer, LENI-tal'!$H$33:$H$37,0),3), I$25='4. Reduktionsfaktorer, LENI-tal'!$T$12,INDEX('4. Reduktionsfaktorer, LENI-tal'!$H$38:$O$45,MATCH(I$27,'4. Reduktionsfaktorer, LENI-tal'!$H$38:$H$45,0),3)), "Fyll i byggnads- och rumstyp ovan")} -> Fyll i byggnads- och rumstyp ovan | J49: {=IFERROR(_xlfn.IFS(J$25='4. Reduktionsfaktorer, LENI-tal'!$Q$12,INDEX('4. Reduktionsfaktorer, LENI-tal'!$H$13:$O$23,MATCH(J$27,'4. Reduktionsfaktorer, LENI-tal'!$H$13:$H$23,0),3), J$25="SKOLA OCH RESTAURANG",INDEX('4. Reduktionsfaktorer, LENI-tal'!$H$24:$O$32,MATCH(J$27,'4. Reduktionsfaktorer, LENI-tal'!$H$24:$H$32,0),3), J$25='4. Reduktionsfaktorer, LENI-tal'!$S$12,INDEX('4. Reduktionsfaktorer, LENI-tal'!$H$33:$O$37,MATCH(J$27,'4. Reduktionsfaktorer, LENI-tal'!$H$33:$H$37,0),3), J$25='4. Reduktionsfaktorer, LENI-tal'!$T$12,INDEX('4. Reduktionsfaktorer, LENI-tal'!$H$38:$O$45,MATCH(J$27,'4. Reduktionsfaktorer, LENI-tal'!$H$38:$H$45,0),3)), "Fyll i byggnads- och rumstyp ovan")} -> Fyll i byggnads- och rumstyp ovan | K49: {=IFERROR(_xlfn.IFS(K$25='4. Reduktionsfaktorer, LENI-tal'!$Q$12,INDEX('4. Reduktionsfaktorer, LENI-tal'!$H$13:$O$23,MATCH(K$27,'4. Reduktionsfaktorer, LENI-tal'!$H$13:$H$23,0),3), K$25="SKOLA OCH RESTAURANG",INDEX('4. Reduktionsfaktorer, LENI-tal'!$H$24:$O$32,MATCH(K$27,'4. Reduktionsfaktorer, LENI-tal'!$H$24:$H$32,0),3), K$25='4. Reduktionsfaktorer, LENI-tal'!$S$12,INDEX('4. Reduktionsfaktorer, LENI-tal'!$H$33:$O$37,MATCH(K$27,'4. Reduktionsfaktorer, LENI-tal'!$H$33:$H$37,0),3), K$25='4. Reduktionsfaktorer, LENI-tal'!$T$12,INDEX('4. Reduktionsfaktorer, LENI-tal'!$H$38:$O$45,MATCH(K$27,'4. Reduktionsfaktorer, LENI-tal'!$H$38:$H$45,0),3)), "Fyll i byggnads- och rumstyp ovan")} -> Fyll i byggnads- och rumstyp ovan | L49: {=IFERROR(_xlfn.IFS(L$25='4. Reduktionsfaktorer, LENI-tal'!$Q$12,INDEX('4. Reduktionsfaktorer, LENI-tal'!$H$13:$O$23,MATCH(L$27,'4. Reduktionsfaktorer, LENI-tal'!$H$13:$H$23,0),3), L$25="SKOLA OCH RESTAURANG",INDEX('4. Reduktionsfaktorer, LENI-tal'!$H$24:$O$32,MATCH(L$27,'4. Reduktionsfaktorer, LENI-tal'!$H$24:$H$32,0),3), L$25='4. Reduktionsfaktorer, LENI-tal'!$S$12,INDEX('4. Reduktionsfaktorer, LENI-tal'!$H$33:$O$37,MATCH(L$27,'4. Reduktionsfaktorer, LENI-tal'!$H$33:$H$37,0),3), L$25='4. Reduktionsfaktorer, LENI-tal'!$T$12,INDEX('4. Reduktionsfaktorer, LENI-tal'!$H$38:$O$45,MATCH(L$27,'4. Reduktionsfaktorer, LENI-tal'!$H$38:$H$45,0),3)), "Fyll i byggnads- och rumstyp ovan")} -> Fyll i byggnads- och rumstyp ovan | M49: {=IFERROR(_xlfn.IFS(M$25='4. Reduktionsfaktorer, LENI-tal'!$Q$12,INDEX('4. Reduktionsfaktorer, LENI-tal'!$H$13:$O$23,MATCH(M$27,'4. Reduktionsfaktorer, LENI-tal'!$H$13:$H$23,0),3), M$25="SKOLA OCH RESTAURANG",INDEX('4. Reduktionsfaktorer, LENI-tal'!$H$24:$O$32,MATCH(M$27,'4. Reduktionsfaktorer, LENI-tal'!$H$24:$H$32,0),3), M$25='4. Reduktionsfaktorer, LENI-tal'!$S$12,INDEX('4. Reduktionsfaktorer, LENI-tal'!$H$33:$O$37,MATCH(M$27,'4. Reduktionsfaktorer, LENI-tal'!$H$33:$H$37,0),3), M$25='4. Reduktionsfaktorer, LENI-tal'!$T$12,INDEX('4. Reduktionsfaktorer, LENI-tal'!$H$38:$O$45,MATCH(M$27,'4. Reduktionsfaktorer, LENI-tal'!$H$38:$H$45,0),3)), "Fyll i byggnads- och rumstyp ovan")} -> Fyll i byggnads- och rumstyp ovan | N49: {=IFERROR(_xlfn.IFS(N$25='4. Reduktionsfaktorer, LENI-tal'!$Q$12,INDEX('4. Reduktionsfaktorer, LENI-tal'!$H$13:$O$23,MATCH(N$27,'4. Reduktionsfaktorer, LENI-tal'!$H$13:$H$23,0),3), N$25="SKOLA OCH RESTAURANG",INDEX('4. Reduktionsfaktorer, LENI-tal'!$H$24:$O$32,MATCH(N$27,'4. Reduktionsfaktorer, LENI-tal'!$H$24:$H$32,0),3), N$25='4. Reduktionsfaktorer, LENI-tal'!$S$12,INDEX('4. Reduktionsfaktorer, LENI-tal'!$H$33:$O$37,MATCH(N$27,'4. Reduktionsfaktorer, LENI-tal'!$H$33:$H$37,0),3), N$25='4. Reduktionsfaktorer, LENI-tal'!$T$12,INDEX('4. Reduktionsfaktorer, LENI-tal'!$H$38:$O$45,MATCH(N$27,'4. Reduktionsfaktorer, LENI-tal'!$H$38:$H$45,0),3)), "Fyll i byggnads- och rumstyp ovan")} -> Fyll i byggnads- och rumstyp ovan | O49: {=IFERROR(_xlfn.IFS(O$25='4. Reduktionsfaktorer, LENI-tal'!$Q$12,INDEX('4. Reduktionsfaktorer, LENI-tal'!$H$13:$O$23,MATCH(O$27,'4. Reduktionsfaktorer, LENI-tal'!$H$13:$H$23,0),3), O$25="SKOLA OCH RESTAURANG",INDEX('4. Reduktionsfaktorer, LENI-tal'!$H$24:$O$32,MATCH(O$27,'4. Reduktionsfaktorer, LENI-tal'!$H$24:$H$32,0),3), O$25='4. Reduktionsfaktorer, LENI-tal'!$S$12,INDEX('4. Reduktionsfaktorer, LENI-tal'!$H$33:$O$37,MATCH(O$27,'4. Reduktionsfaktorer, LENI-tal'!$H$33:$H$37,0),3), O$25='4. Reduktionsfaktorer, LENI-tal'!$T$12,INDEX('4. Reduktionsfaktorer, LENI-tal'!$H$38:$O$45,MATCH(O$27,'4. Reduktionsfaktorer, LENI-tal'!$H$38:$H$45,0),3)), "Fyll i byggnads- och rumstyp ovan")} -> Fyll i byggnads- och rumstyp ovan | P49: {=IFERROR(_xlfn.IFS(P$25='4. Reduktionsfaktorer, LENI-tal'!$Q$12,INDEX('4. Reduktionsfaktorer, LENI-tal'!$H$13:$O$23,MATCH(P$27,'4. Reduktionsfaktorer, LENI-tal'!$H$13:$H$23,0),3), P$25="SKOLA OCH RESTAURANG",INDEX('4. Reduktionsfaktorer, LENI-tal'!$H$24:$O$32,MATCH(P$27,'4. Reduktionsfaktorer, LENI-tal'!$H$24:$H$32,0),3), P$25='4. Reduktionsfaktorer, LENI-tal'!$S$12,INDEX('4. Reduktionsfaktorer, LENI-tal'!$H$33:$O$37,MATCH(P$27,'4. Reduktionsfaktorer, LENI-tal'!$H$33:$H$37,0),3), P$25='4. Reduktionsfaktorer, LENI-tal'!$T$12,INDEX('4. Reduktionsfaktorer, LENI-tal'!$H$38:$O$45,MATCH(P$27,'4. Reduktionsfaktorer, LENI-tal'!$H$38:$H$45,0),3)), "Fyll i byggnads- och rumstyp ovan")} -> Fyll i byggnads- och rumstyp ovan | ... R49: {=IFERROR(_xlfn.IFS(R$25='4. Reduktionsfaktorer, LENI-tal'!$Q$12,INDEX('4. Reduktionsfaktorer, LENI-tal'!$H$13:$O$23,MATCH(R$27,'4. Reduktionsfaktorer, LENI-tal'!$H$13:$H$23,0),3), R$25="SKOLA OCH RESTAURANG",INDEX('4. Reduktionsfaktorer, LENI-tal'!$H$24:$O$32,MATCH(R$27,'4. Reduktionsfaktorer, LENI-tal'!$H$24:$H$32,0),3), R$25='4. Reduktionsfaktorer, LENI-tal'!$S$12,INDEX('4. Reduktionsfaktorer, LENI-tal'!$H$33:$O$37,MATCH(R$27,'4. Reduktionsfaktorer, LENI-tal'!$H$33:$H$37,0),3), R$25='4. Reduktionsfaktorer, LENI-tal'!$T$12,INDEX('4. Reduktionsfaktorer, LENI-tal'!$H$38:$O$45,MATCH(R$27,'4. Reduktionsfaktorer, LENI-tal'!$H$38:$H$45,0),3)), "Fyll i byggnads- och rumstyp ovan")} -> Fyll i byggnads- och rumstyp ovan
